<courseModule>

  <module>
    <name><![CDATA[  ML01Intro02  ]]></name>
    <description><![CDATA[  Course Module  ]]></description>
    <uri><![CDATA[  986b8c83-ae59-44cb-83e6-c1bc6158872a  ]]></uri>
    <privacy>0</privacy>
    <autoModule>true</autoModule>
    <exportedFrom>d686b894-131e-4a5f-80d4-508a091f9939</exportedFrom>
  </module>

  <questions>

    <question uid="986b8c83-ae59-44cb-83e6-c1bc6158872a" modifiedBy="f0665a0c-fbe6-4a76-94f2-44bc0af7f07f" school="0036431e-f8bc-47b0-91c8-2e9c94d10db0" language="en">
      <mode>Inline</mode>
      <chainId><![CDATA[  0  ]]></chainId>
      <name><![CDATA[  ML01Intro02  ]]></name>
      <comment><![CDATA[  <p>&nbsp;Training a model from lableled data&nbsp;points is therefore referred to as supervised learning.</p>  ]]></comment>
      <editing>useHTML</editing>
      <numberOfAttempts>1</numberOfAttempts>
      <numberOfAttemptsLeft>1</numberOfAttemptsLeft>
      <numberOfTryAnother>0</numberOfTryAnother>
      <numberOfTryAnotherLeft>0</numberOfTryAnotherLeft>
      <privacy>10</privacy>
      <allowRepublish>false</allowRepublish>
      <attributeAuthor>true</attributeAuthor>
      <modifiedIn>18.2</modifiedIn>
      <difficulty>-1.0</difficulty>
      <text><![CDATA[  <p>&nbsp;</p>

<p>&nbsp;To train the model, we need access to both the inputs&nbsp;and the outputs,</p>

<p>&nbsp;where the latter had to be manually assigned by domain experts<br>
&nbsp;(or possibly some auxiliary examination).&nbsp;&nbsp;</p>

<p>&nbsp;Training a model from lableled data&nbsp;points is therefore referred to as:</p>

<p>&nbsp;</p>

<1>

<p>&nbsp;</p>  ]]></text>
      <width>0.0</width>
      <weighting>1</weighting>
      <numbering>alpha</numbering>

      <parts>

        <part>
          <mode>Multiple Choice</mode>
          <name><![CDATA[  responseNaN  ]]></name>
          <editing>useHTML</editing>
          <numberOfAttempts>1</numberOfAttempts>
          <numberOfAttemptsLeft>1</numberOfAttemptsLeft>
          <numberOfTryAnother>0</numberOfTryAnother>
          <numberOfTryAnotherLeft>0</numberOfTryAnotherLeft>
          <allowRepublish>false</allowRepublish>
          <attributeAuthor>false</attributeAuthor>
          <difficulty>0.0</difficulty>
          <text><![CDATA[    ]]></text>
          <answer><![CDATA[  1  ]]></answer>
          <display>vertical</display>
          <fixed><![CDATA[    ]]></fixed>
          <choices>
            <choice><![CDATA[  <p>&nbsp;supervised learning</p>  ]]></choice>
            <choice><![CDATA[  <p>&nbsp;machine learning</p>  ]]></choice>
            <choice><![CDATA[  <p>&nbsp;training learning</p>  ]]></choice>
            <choice><![CDATA[  <p>&nbsp;input-output learning</p>  ]]></choice>
          </choices>
          <width>0.0</width>
        </part>
      </parts>

      <authorNotes><![CDATA[  <p>&nbsp;This question is based on text;&nbsp;</p>

<p>&nbsp;&quot;&nbsp;Training a model from lableled data&nbsp;points is therefore referred to as supervised learning.&quot; page 4 in the book:&nbsp;</p>

<p>MACHINE LEARNING<br />
A First Course for Engineers and Scientists<br />
Andreas Lindholm, Niklas Wahlstr&ouml;m,<br />
Fredrik Lindsten, Thomas B. Sch&ouml;n<br />
This version: July 8, 2022</p>  ]]></authorNotes>

    </question>

  </questions>

  <authors>

    <author uid="f0665a0c-fbe6-4a76-94f2-44bc0af7f07f" instanceUid="d686b894-131e-4a5f-80d4-508a091f9939" defaultSchool="0036431e-f8bc-47b0-91c8-2e9c94d10db0">
      <displayName><![CDATA[  Nihad Subasic  ]]></displayName>
    </author>
  </authors>

  <schools>

    <school uid="0036431e-f8bc-47b0-91c8-2e9c94d10db0">
      <name><![CDATA[  Kungliga Tekniska Högskolan  ]]></name>
    </school>
  </schools>
</courseModule>