<courseModule>

  <module>
    <name><![CDATA[  ML02SL05  ]]></name>
    <description><![CDATA[  Course Module  ]]></description>
    <uri><![CDATA[  a885d5b2-b9ae-4453-988e-4aa438aae874  ]]></uri>
    <privacy>0</privacy>
    <autoModule>true</autoModule>
    <exportedFrom>d686b894-131e-4a5f-80d4-508a091f9939</exportedFrom>
  </module>

  <questions>

    <question uid="a885d5b2-b9ae-4453-988e-4aa438aae874" modifiedBy="f0665a0c-fbe6-4a76-94f2-44bc0af7f07f" school="0036431e-f8bc-47b0-91c8-2e9c94d10db0" language="en">
      <mode>Inline</mode>
      <chainId><![CDATA[  0  ]]></chainId>
      <name><![CDATA[  ML02SL05  ]]></name>
      <editing>useHTML</editing>
      <numberOfAttempts>1</numberOfAttempts>
      <numberOfAttemptsLeft>1</numberOfAttemptsLeft>
      <numberOfTryAnother>0</numberOfTryAnother>
      <numberOfTryAnotherLeft>0</numberOfTryAnotherLeft>
      <privacy>10</privacy>
      <allowRepublish>false</allowRepublish>
      <attributeAuthor>true</attributeAuthor>
      <modifiedIn>18.2</modifiedIn>
      <difficulty>-1.0</difficulty>
      <text><![CDATA[  <p>&nbsp;</p>

<p>&nbsp;The k-Nearest Neighbours Method is the simple prediction method which is referred to as the first nearest neighbour method.</p>

<p>&nbsp;Arrange work steps as they are performed&nbsp;in&nbsp;one simple way to implement k-NN method in practice.</p>

<p>&nbsp;(NB:&nbsp;Drag steps with the mouse and order is from left to right.)</p>

<p>&nbsp;<1><span>&nbsp;</span></p>

<p>&nbsp;</p>  ]]></text>
      <width>0.0</width>
      <weighting>1</weighting>
      <numbering>alpha</numbering>

      <parts>

        <part>
          <mode>Sorting</mode>
          <name><![CDATA[  responseNaN  ]]></name>
          <editing>useHTML</editing>
          <numberOfAttempts>1</numberOfAttempts>
          <numberOfAttemptsLeft>1</numberOfAttemptsLeft>
          <numberOfTryAnother>0</numberOfTryAnother>
          <numberOfTryAnotherLeft>0</numberOfTryAnotherLeft>
          <allowRepublish>false</allowRepublish>
          <attributeAuthor>false</attributeAuthor>
          <difficulty>0.0</difficulty>
          <answer><![CDATA[    ]]></answer>
          <width>0.0</width>
          <bgcolor>#acfbfa</bgcolor>
          <gradingCode><![CDATA[    ]]></gradingCode>
          <questionHtml><![CDATA[  <ul><li><p>&nbsp;compute the Euclidean distance&nbsp;between</p>

<p>&nbsp;the test input and all&nbsp;training inputs</p>
</li><li><p>&nbsp;find the data point&nbsp;<math xmlns="http://www.w3.org/1998/Math/MathML"><mrow><msub><mrow><mi mathvariant="italic">x</mi></mrow><mrow><mi mathvariant="italic">j</mi></mrow></msub></mrow></math> with the&nbsp;</p>

<p>&nbsp;shortest distance to <math xmlns="http://www.w3.org/1998/Math/MathML"><mrow><mi mathvariant="italic">x</mi></mrow></math>★</p>
</li><li><p>&nbsp;use&nbsp;output from previous step&nbsp;</p>

<p>&nbsp;as the prediction:&nbsp;<img alt="" src="__BASE_URI__prediction.png" style="width: 100px; height: 32px;" /></p>
</li></ul>  ]]></questionHtml>
        </part>
      </parts>

      <authorNotes><![CDATA[  <p>&nbsp;</p>

<p>&nbsp;This question is based on the text on page 19 from book:&nbsp;</p>

<p>MACHINE LEARNING<br />
A First Course for Engineers and Scientists<br />
Andreas Lindholm, Niklas Wahlstr&ouml;m,<br />
Fredrik Lindsten, Thomas B. Sch&ouml;n<br />
This version: July 8, 2022</p>

<p>&nbsp;</p>  ]]></authorNotes>

    </question>

  </questions>

  <authors>

    <author uid="f0665a0c-fbe6-4a76-94f2-44bc0af7f07f" instanceUid="d686b894-131e-4a5f-80d4-508a091f9939" defaultSchool="0036431e-f8bc-47b0-91c8-2e9c94d10db0">
      <displayName><![CDATA[  Nihad Subasic  ]]></displayName>
    </author>
  </authors>

  <schools>

    <school uid="0036431e-f8bc-47b0-91c8-2e9c94d10db0">
      <name><![CDATA[  Kungliga Tekniska Högskolan  ]]></name>
    </school>
  </schools>

  <webResources>

    <folder id="0">
      <name><![CDATA[  web_folders  ]]></name>
      <description><![CDATA[    ]]></description>
      <uri><![CDATA[  web_folders  ]]></uri>
    </folder>
  </webResources>
</courseModule>