<courseModule>

  <module>
    <name><![CDATA[  PYT_WS01_Q02  ]]></name>
    <description><![CDATA[  Course Module  ]]></description>
    <uri><![CDATA[  1674c205-f779-499d-9dd5-0ad9b16f42c7  ]]></uri>
    <privacy>0</privacy>
    <autoModule>true</autoModule>
    <exportedFrom>d686b894-131e-4a5f-80d4-508a091f9939</exportedFrom>
  </module>

  <questions>

    <question uid="1674c205-f779-499d-9dd5-0ad9b16f42c7" modifiedBy="f0665a0c-fbe6-4a76-94f2-44bc0af7f07f" school="0036431e-f8bc-47b0-91c8-2e9c94d10db0">
      <mode>Inline</mode>
      <chainId><![CDATA[  0  ]]></chainId>
      <name><![CDATA[  PYT_WS01_Q02  ]]></name>
      <editing>useHTML</editing>
      <numberOfAttempts>1</numberOfAttempts>
      <numberOfAttemptsLeft>1</numberOfAttemptsLeft>
      <numberOfTryAnother>0</numberOfTryAnother>
      <numberOfTryAnotherLeft>0</numberOfTryAnotherLeft>
      <privacy>10</privacy>
      <allowRepublish>false</allowRepublish>
      <attributeAuthor>true</attributeAuthor>
      <modifiedIn>18.2</modifiedIn>
      <difficulty>0.0</difficulty>
      <text><![CDATA[  <p>&nbsp;</p>

<p>&nbsp;</p>

<p>&nbsp;The Zen of Python is a collection of 19 "guiding principles" for writing computer programs that influence the design of the&nbsp;Python programming language.&nbsp;</p>

<p>&nbsp;Some of these principles are given here. Think about programming in Python and complete following sentences:</p>

<p>&nbsp;</p>

<p>&nbsp; a)&nbsp;<1><span>&nbsp;</span> cases aren't special enough to break the rules.</p>

<p>&nbsp; b)&nbsp;Although <2><span>&nbsp;</span> beats purity.<br>
&nbsp; c) Errors should never pass <3><span>&nbsp;</span>. Unless explicitly silenced. &nbsp;</p>

<p>&nbsp; d)&nbsp;If the implementation is&nbsp;<4><span>&nbsp;</span> to explain, it's a bad idea.</p>

<p>&nbsp; e) If the implementation is <5><span>&nbsp;</span> to explain, it may be a good idea.</p>  ]]></text>
      <width>0.0</width>
      <weighting>1,1,1,1,1</weighting>
      <numbering>alpha</numbering>

      <parts>

        <part>
          <mode>List</mode>
          <name><![CDATA[  responseNaN  ]]></name>
          <comment><![CDATA[  <p>&nbsp;</p>

<p>&nbsp; &nbsp;- Special cases aren&#39;t special enough to break the rules.<br />
&nbsp;</p>  ]]></comment>
          <editing>useHTML</editing>
          <numberOfAttempts>1</numberOfAttempts>
          <numberOfAttemptsLeft>1</numberOfAttemptsLeft>
          <numberOfTryAnother>0</numberOfTryAnother>
          <numberOfTryAnotherLeft>0</numberOfTryAnotherLeft>
          <allowRepublish>false</allowRepublish>
          <attributeAuthor>false</attributeAuthor>
          <difficulty>0.0</difficulty>
          <text><![CDATA[    ]]></text>
          <display permute="true">menu</display>
          <width>0.0</width>
          <grader>relaxed</grader>
          <answers>
            <answer><![CDATA[  Special  ]]></answer>
            <answer><![CDATA[  Wrong  ]]></answer>
            <answer><![CDATA[  Correct  ]]></answer>
          </answers>
          <credits>
            <credit>1.0</credit>
            <credit>0.0</credit>
            <credit>0.0</credit>
          </credits>
        </part>

        <part>
          <mode>List</mode>
          <name><![CDATA[  responseNaN  ]]></name>
          <comment><![CDATA[  <p>&nbsp;</p>

<p>&nbsp; &nbsp;- Although practicality beats purity.<br />
&nbsp;</p>  ]]></comment>
          <editing>useHTML</editing>
          <numberOfAttempts>1</numberOfAttempts>
          <numberOfAttemptsLeft>1</numberOfAttemptsLeft>
          <numberOfTryAnother>0</numberOfTryAnother>
          <numberOfTryAnotherLeft>0</numberOfTryAnotherLeft>
          <allowRepublish>false</allowRepublish>
          <attributeAuthor>false</attributeAuthor>
          <difficulty>0.0</difficulty>
          <text><![CDATA[    ]]></text>
          <display permute="true">menu</display>
          <width>0.0</width>
          <grader>relaxed</grader>
          <answers>
            <answer><![CDATA[  practicality  ]]></answer>
            <answer><![CDATA[  usefulness  ]]></answer>
            <answer><![CDATA[  theory  ]]></answer>
          </answers>
          <credits>
            <credit>1.0</credit>
            <credit>0.0</credit>
            <credit>0.0</credit>
          </credits>
        </part>

        <part>
          <mode>List</mode>
          <name><![CDATA[  responseNaN  ]]></name>
          <comment><![CDATA[  <p>&nbsp;</p>

<p>&nbsp; &nbsp;- Errors should never pass silently.Unless explicitly silenced.<br />
&nbsp;</p>  ]]></comment>
          <editing>useHTML</editing>
          <numberOfAttempts>1</numberOfAttempts>
          <numberOfAttemptsLeft>1</numberOfAttemptsLeft>
          <numberOfTryAnother>0</numberOfTryAnother>
          <numberOfTryAnotherLeft>0</numberOfTryAnotherLeft>
          <allowRepublish>false</allowRepublish>
          <attributeAuthor>false</attributeAuthor>
          <difficulty>0.0</difficulty>
          <text><![CDATA[    ]]></text>
          <display permute="true">menu</display>
          <width>0.0</width>
          <grader>relaxed</grader>
          <answers>
            <answer><![CDATA[  silently  ]]></answer>
            <answer><![CDATA[  check point  ]]></answer>
            <answer><![CDATA[  compilation  ]]></answer>
          </answers>
          <credits>
            <credit>1.0</credit>
            <credit>0.0</credit>
            <credit>0.0</credit>
          </credits>
        </part>

        <part>
          <mode>List</mode>
          <name><![CDATA[  responseNaN  ]]></name>
          <comment><![CDATA[  <p>&nbsp;</p>

<p>&nbsp; &nbsp;- If the implementation is hard to explain, it&#39;s a bad idea.<br />
&nbsp;</p>  ]]></comment>
          <editing>useHTML</editing>
          <numberOfAttempts>1</numberOfAttempts>
          <numberOfAttemptsLeft>1</numberOfAttemptsLeft>
          <numberOfTryAnother>0</numberOfTryAnother>
          <numberOfTryAnotherLeft>0</numberOfTryAnotherLeft>
          <allowRepublish>false</allowRepublish>
          <attributeAuthor>false</attributeAuthor>
          <difficulty>0.0</difficulty>
          <text><![CDATA[    ]]></text>
          <display permute="true">menu</display>
          <width>0.0</width>
          <grader>relaxed</grader>
          <answers>
            <answer><![CDATA[  hard  ]]></answer>
            <answer><![CDATA[  easy  ]]></answer>
            <answer><![CDATA[  impossible  ]]></answer>
          </answers>
          <credits>
            <credit>1.0</credit>
            <credit>0.0</credit>
            <credit>0.0</credit>
          </credits>
        </part>

        <part>
          <mode>List</mode>
          <name><![CDATA[  responseNaN  ]]></name>
          <comment><![CDATA[  <p>&nbsp;</p>

<p>&nbsp; &nbsp;- If the implementation is easy to explain, it may be a good idea.</p>  ]]></comment>
          <editing>useHTML</editing>
          <numberOfAttempts>1</numberOfAttempts>
          <numberOfAttemptsLeft>1</numberOfAttemptsLeft>
          <numberOfTryAnother>0</numberOfTryAnother>
          <numberOfTryAnotherLeft>0</numberOfTryAnotherLeft>
          <allowRepublish>false</allowRepublish>
          <attributeAuthor>false</attributeAuthor>
          <difficulty>0.0</difficulty>
          <text><![CDATA[    ]]></text>
          <display permute="true">menu</display>
          <width>0.0</width>
          <grader>relaxed</grader>
          <answers>
            <answer><![CDATA[  easy  ]]></answer>
            <answer><![CDATA[  hard  ]]></answer>
            <answer><![CDATA[  possible  ]]></answer>
          </answers>
          <credits>
            <credit>1.0</credit>
            <credit>0.0</credit>
            <credit>0.0</credit>
          </credits>
        </part>
      </parts>
    </question>
  </questions>

  <authors>

    <author uid="f0665a0c-fbe6-4a76-94f2-44bc0af7f07f" instanceUid="d686b894-131e-4a5f-80d4-508a091f9939" defaultSchool="0036431e-f8bc-47b0-91c8-2e9c94d10db0">
      <displayName><![CDATA[  Nihad Subasic  ]]></displayName>
    </author>
  </authors>

  <schools>

    <school uid="0036431e-f8bc-47b0-91c8-2e9c94d10db0">
      <name><![CDATA[  Kungliga Tekniska Högskolan  ]]></name>
    </school>
  </schools>
</courseModule>