<courseModule>

  <module>
    <name><![CDATA[  ML02SL07  ]]></name>
    <description><![CDATA[  Course Module  ]]></description>
    <uri><![CDATA[  80ed6378-8a00-47fa-b547-5bed2c4d0906  ]]></uri>
    <privacy>0</privacy>
    <autoModule>true</autoModule>
    <exportedFrom>d686b894-131e-4a5f-80d4-508a091f9939</exportedFrom>
  </module>

  <questions>

    <question uid="80ed6378-8a00-47fa-b547-5bed2c4d0906" modifiedBy="f0665a0c-fbe6-4a76-94f2-44bc0af7f07f" school="0036431e-f8bc-47b0-91c8-2e9c94d10db0" language="en">
      <mode>Inline</mode>
      <chainId><![CDATA[  0  ]]></chainId>
      <name><![CDATA[  ML02SL07  ]]></name>
      <editing>useHTML</editing>
      <numberOfAttempts>1</numberOfAttempts>
      <numberOfAttemptsLeft>1</numberOfAttemptsLeft>
      <numberOfTryAnother>0</numberOfTryAnother>
      <numberOfTryAnotherLeft>0</numberOfTryAnotherLeft>
      <privacy>10</privacy>
      <allowRepublish>false</allowRepublish>
      <attributeAuthor>true</attributeAuthor>
      <modifiedIn>18.2</modifiedIn>
      <difficulty>-1.0</difficulty>
      <text><![CDATA[  <p>&nbsp;</p>

<p>&nbsp;Two points A and B are given in two-dimensional plan.&nbsp;</p>

<p>&nbsp;Choose "Euclidian distance" between these two points by clicing on the picture.&nbsp;</p>

<p>&nbsp;<1><span>&nbsp;</span></p>  ]]></text>
      <width>0.0</width>
      <weighting>1</weighting>
      <numbering>alpha</numbering>

      <parts>

        <part>
          <mode>Clickable Image</mode>
          <name><![CDATA[  responseNaN  ]]></name>
          <editing>useHTML</editing>
          <numberOfAttempts>1</numberOfAttempts>
          <numberOfAttemptsLeft>1</numberOfAttemptsLeft>
          <numberOfTryAnother>0</numberOfTryAnother>
          <numberOfTryAnotherLeft>0</numberOfTryAnotherLeft>
          <allowRepublish>false</allowRepublish>
          <attributeAuthor>false</attributeAuthor>
          <difficulty>0.0</difficulty>
          <text><![CDATA[    ]]></text>
          <answer><![CDATA[  2  ]]></answer>
          <imageURL><![CDATA[  __BASE_URI__Euclid.PNG  ]]></imageURL>
          <width>0.0</width>
          <height>0</height>
          <regions>
            <region><![CDATA[  60,56,60,66,487,67,499,57  ]]></region>
            <region><![CDATA[  494,64,501,72,218,284,208,277  ]]></region>
            <region><![CDATA[  195,282,196,294,56,294,60,282  ]]></region>
            <region><![CDATA[  208,296,209,359,200,359,200,299  ]]></region>
            <region><![CDATA[  499,276,510,276,513,70,500,82  ]]></region>
            <region><![CDATA[  223,284,218,294,498,294,495,282  ]]></region>
            <region><![CDATA[  500,301,511,295,511,360,500,359  ]]></region>
            <region><![CDATA[  49,72,48,278,60,275,59,72  ]]></region>
            <region><![CDATA[  215,359,214,368,496,368,493,359  ]]></region>
          </regions>
          <gradingCode><![CDATA[    ]]></gradingCode>
        </part>
      </parts>
    </question>
  </questions>

  <authors>

    <author uid="f0665a0c-fbe6-4a76-94f2-44bc0af7f07f" instanceUid="d686b894-131e-4a5f-80d4-508a091f9939" defaultSchool="0036431e-f8bc-47b0-91c8-2e9c94d10db0">
      <displayName><![CDATA[  Nihad Subasic  ]]></displayName>
    </author>
  </authors>

  <schools>

    <school uid="0036431e-f8bc-47b0-91c8-2e9c94d10db0">
      <name><![CDATA[  Kungliga Tekniska Högskolan  ]]></name>
    </school>
  </schools>

  <webResources>

    <folder id="0">
      <name><![CDATA[  web_folders  ]]></name>
      <description><![CDATA[    ]]></description>
      <uri><![CDATA[  web_folders  ]]></uri>
    </folder>
  </webResources>
</courseModule>