<courseModule>

  <module>
    <name><![CDATA[  ML03BPM05  ]]></name>
    <description><![CDATA[  Course Module  ]]></description>
    <uri><![CDATA[  43b4e1e4-e76e-44dc-b42c-ed48717221ae  ]]></uri>
    <privacy>0</privacy>
    <autoModule>true</autoModule>
    <exportedFrom>d686b894-131e-4a5f-80d4-508a091f9939</exportedFrom>
  </module>

  <questions>

    <question uid="43b4e1e4-e76e-44dc-b42c-ed48717221ae" modifiedBy="f0665a0c-fbe6-4a76-94f2-44bc0af7f07f" school="0036431e-f8bc-47b0-91c8-2e9c94d10db0" language="en">
      <mode>Inline</mode>
      <chainId><![CDATA[  0  ]]></chainId>
      <name><![CDATA[  ML03BPM05  ]]></name>
      <editing>useHTML</editing>
      <numberOfAttempts>1</numberOfAttempts>
      <numberOfAttemptsLeft>1</numberOfAttemptsLeft>
      <numberOfTryAnother>0</numberOfTryAnother>
      <numberOfTryAnotherLeft>0</numberOfTryAnotherLeft>
      <privacy>10</privacy>
      <allowRepublish>false</allowRepublish>
      <attributeAuthor>true</attributeAuthor>
      <modifiedIn>18.2</modifiedIn>
      <difficulty>0.0</difficulty>
      <text><![CDATA[  <p>&nbsp;</p>

<p>&nbsp;For regression, a commonly used loss function is the squared error loss.&nbsp;</p>

<p>&nbsp;</p>

<table border="0" cellpadding="0" cellspacing="0" style="width:500px;">
	<tbody>
		<tr>
			<td style="text-align: center;">
			<p><img alt="" src="__BASE_URI__SquaredErrorLossFun.png" style="width: 300px; height: 41px;"></p>

			<p>&nbsp;</p>
			</td>
		</tr>
		<tr>
			<td style="text-align: center;"><img alt="" src="__BASE_URI__SquaredErrorGraf.PNG" style="width: 300px; height: 245px;"></td>
		</tr>
	</tbody>
</table>

<p>&nbsp;</p>

<p>&nbsp; a) This loss function is equal to zero when:</p>

<1>

<p>&nbsp;</p>

<p>&nbsp;b)This loss function grows fast (quadratically) as:</p>

<2>

<p>&nbsp;</p>  ]]></text>
      <width>0.0</width>
      <weighting>1,1</weighting>
      <numbering>alpha</numbering>

      <parts>

        <part>
          <mode>Multiple Selection</mode>
          <name><![CDATA[  responseNaN  ]]></name>
          <editing>useHTML</editing>
          <numberOfAttempts>1</numberOfAttempts>
          <numberOfAttemptsLeft>1</numberOfAttemptsLeft>
          <numberOfTryAnother>0</numberOfTryAnother>
          <numberOfTryAnotherLeft>0</numberOfTryAnotherLeft>
          <allowRepublish>false</allowRepublish>
          <attributeAuthor>false</attributeAuthor>
          <difficulty>0.0</difficulty>
          <text><![CDATA[    ]]></text>
          <answer><![CDATA[  1  ]]></answer>
          <display>vertical</display>
          <fixed><![CDATA[    ]]></fixed>
          <choices>
            <choice><![CDATA[  <p>&nbsp;<math xmlns="http://www.w3.org/1998/Math/MathML"><mrow> <mover> <mrow> <mi mathvariant="italic">y</mi> </mrow> <mrow> <mi mathvariant="italic">^</mi> </mrow> </mover> <mfenced close=")" open="("> <mrow> <mi mathvariant="italic">x</mi> <mo>;</mo> <mi mathvariant="italic">θ</mi> </mrow> </mfenced> <mo>=</mo> <mi mathvariant="italic">y</mi> </mrow></math></p>  ]]></choice>
            <choice><![CDATA[  <p>&nbsp;<math xmlns="http://www.w3.org/1998/Math/MathML"><mrow><mover><mrow><mi mathvariant="italic">y</mi></mrow><mrow><mi mathvariant="italic">^</mi></mrow></mover><mfenced close=")" open="("><mrow><mi mathvariant="italic">x</mi><mo>;</mo><mi mathvariant="italic">θ</mi></mrow></mfenced><mo>=</mo><mi mathvariant="italic">x</mi></mrow></math></p>  ]]></choice>
            <choice><![CDATA[  <p><math xmlns="http://www.w3.org/1998/Math/MathML"><mrow><mover><mrow><mi mathvariant="italic">y</mi></mrow><mrow><mi mathvariant="italic">^</mi></mrow></mover><mfenced close=")" open="("><mrow><mi mathvariant="italic">x</mi><mo>;</mo><mi mathvariant="italic">θ</mi></mrow></mfenced><mo>=</mo><mn>0</mn></mrow></math></p>  ]]></choice>
            <choice><![CDATA[  <p><math xmlns="http://www.w3.org/1998/Math/MathML"><mrow><mover><mrow><mi mathvariant="italic">y</mi></mrow><mrow><mi mathvariant="italic">^</mi></mrow></mover><mfenced close=")" open="("><mrow><mi mathvariant="italic">x</mi><mo>;</mo><mi mathvariant="italic">θ</mi></mrow></mfenced><mo>=</mo><mi mathvariant="italic">θ</mi></mrow></math></p>  ]]></choice>
          </choices>
          <width>0.0</width>
        </part>

        <part>
          <mode>Multiple Selection</mode>
          <name><![CDATA[  responseNaN  ]]></name>
          <editing>useHTML</editing>
          <numberOfAttempts>1</numberOfAttempts>
          <numberOfAttemptsLeft>1</numberOfAttemptsLeft>
          <numberOfTryAnother>0</numberOfTryAnother>
          <numberOfTryAnotherLeft>0</numberOfTryAnotherLeft>
          <allowRepublish>false</allowRepublish>
          <attributeAuthor>false</attributeAuthor>
          <difficulty>0.0</difficulty>
          <text><![CDATA[    ]]></text>
          <answer><![CDATA[  1  ]]></answer>
          <display>vertical</display>
          <fixed><![CDATA[    ]]></fixed>
          <choices>
            <choice><![CDATA[  <p>&nbsp;-&nbsp;the difference&nbsp;between <math xmlns="http://www.w3.org/1998/Math/MathML"><mrow><mi mathvariant="italic">y</mi></mrow></math>&nbsp;and the prediction &nbsp;<math xmlns="http://www.w3.org/1998/Math/MathML"><mrow><mover><mrow><mi mathvariant="italic">y</mi></mrow><mrow><mi mathvariant="italic">^</mi></mrow></mover></mrow></math> &nbsp;increases.</p>  ]]></choice>
            <choice><![CDATA[  <p>&nbsp;-&nbsp;the difference&nbsp;between <math xmlns="http://www.w3.org/1998/Math/MathML"><mrow><mi mathvariant="italic">y</mi></mrow></math>&nbsp;and the prediction &nbsp;<math xmlns="http://www.w3.org/1998/Math/MathML"><mrow><mover><mrow><mi mathvariant="italic">y</mi></mrow><mrow><mi mathvariant="italic">^</mi></mrow></mover></mrow></math>&nbsp; decreases.</p>  ]]></choice>
            <choice><![CDATA[  <p>&nbsp;-&nbsp;the difference&nbsp;between <math xmlns="http://www.w3.org/1998/Math/MathML"><mrow><mi mathvariant="italic">y</mi></mrow></math>&nbsp;and the prediction &nbsp;<math xmlns="http://www.w3.org/1998/Math/MathML"><mrow><mover><mrow><mi mathvariant="italic">y</mi></mrow><mrow><mi mathvariant="italic">^</mi></mrow></mover></mrow></math>&nbsp; is close to zero.</p>  ]]></choice>
            <choice><![CDATA[  <p>&nbsp;-&nbsp;the difference&nbsp;between <math xmlns="http://www.w3.org/1998/Math/MathML"><mrow><mi mathvariant="italic">y</mi></mrow></math>&nbsp;and the prediction &nbsp;<math xmlns="http://www.w3.org/1998/Math/MathML"><mrow><mover><mrow><mi mathvariant="italic">y</mi></mrow><mrow><mi mathvariant="italic">^</mi></mrow></mover></mrow></math>&nbsp; goes to maximum of the function.</p>  ]]></choice>
          </choices>
          <width>0.0</width>
        </part>
      </parts>
    </question>
  </questions>

  <authors>

    <author uid="f0665a0c-fbe6-4a76-94f2-44bc0af7f07f" instanceUid="d686b894-131e-4a5f-80d4-508a091f9939" defaultSchool="0036431e-f8bc-47b0-91c8-2e9c94d10db0">
      <displayName><![CDATA[  Nihad Subasic  ]]></displayName>
    </author>
  </authors>

  <schools>

    <school uid="0036431e-f8bc-47b0-91c8-2e9c94d10db0">
      <name><![CDATA[  Kungliga Tekniska Högskolan  ]]></name>
    </school>
  </schools>

  <webResources>

    <folder id="0">
      <name><![CDATA[  web_folders  ]]></name>
      <description><![CDATA[    ]]></description>
      <uri><![CDATA[  web_folders  ]]></uri>
    </folder>
  </webResources>
</courseModule>