<courseModule>

  <module>
    <name><![CDATA[  ML04UEIP03  ]]></name>
    <description><![CDATA[  Course Module  ]]></description>
    <uri><![CDATA[  e584b0ff-fc72-48e0-a7a4-7a72f840a821  ]]></uri>
    <privacy>0</privacy>
    <autoModule>true</autoModule>
    <exportedFrom>d686b894-131e-4a5f-80d4-508a091f9939</exportedFrom>
  </module>

  <questions>

    <question uid="e584b0ff-fc72-48e0-a7a4-7a72f840a821" modifiedBy="f0665a0c-fbe6-4a76-94f2-44bc0af7f07f" school="0036431e-f8bc-47b0-91c8-2e9c94d10db0" language="en">
      <mode>Inline</mode>
      <chainId><![CDATA[  0  ]]></chainId>
      <name><![CDATA[  ML04UEIP03  ]]></name>
      <editing>useHTML</editing>
      <numberOfAttempts>1</numberOfAttempts>
      <numberOfAttemptsLeft>1</numberOfAttemptsLeft>
      <numberOfTryAnother>0</numberOfTryAnother>
      <numberOfTryAnotherLeft>0</numberOfTryAnotherLeft>
      <privacy>10</privacy>
      <allowRepublish>false</allowRepublish>
      <attributeAuthor>true</attributeAuthor>
      <modifiedIn>18.2</modifiedIn>
      <difficulty>-1.0</difficulty>
      <text><![CDATA[  <p>&nbsp;</p>

<p>&nbsp; <span class="HwtZe" jsaction="mouseup:Sxi9L,BR6jm; mousedown:qjlr0e" jsname="jqKxS" lang="en"><span class="jCAhz ChMk0b" jsaction="agoMJf:PFBcW;MZfLnc:P7O7bd;nt4Alf:pvnm0e,pfE8Hb,PFBcW;B01qod:dJXsye;H1e5u:iXtTIf;lYIUJf:hij5Wb;bmeZHc:iURhpf;Oxj3Xe:qAKMYb,yaf12d" jscontroller="Gn4SMb" jsname="txFAF"><span class="ryNqvb" jsaction="click:E6Tfl,GFf3ac,tMZCfe; contextmenu:Nqw7Te,QP7LD; mouseout:Nqw7Te; mouseover:E6Tfl,c2aHje" jsname="W297wb">Consider the figure below and evaluate whether the statements are true or false.</span></span></span></p>

<p>&nbsp;<img alt="" src="__BASE_URI__ML04UEIP03.png" style="width: 400px; height: 235px;"></p>

<p>&nbsp;</p>

<table width="702" height="165" cellspacing="2" cellpadding="1" border="0">
	<tbody>
		<tr>
			<td style="text-align: right;">&nbsp; <1><span>&nbsp;</span></td>
			<td>&nbsp;</td>
			<td>&nbsp;- Higher model complexity implies a larger generalisation gap.</td>
		</tr>
		<tr>
			<td style="text-align: right;">&nbsp;</td>
			<td>&nbsp;</td>
			<td>&nbsp;</td>
		</tr>
		<tr>
			<td style="text-align: right;"><2><span>&nbsp;</span></td>
			<td>&nbsp;</td>
			<td>&nbsp;- The situation, when the model complexity is too low, is called overfitting.</td>
		</tr>
		<tr>
			<td style="text-align: right;">&nbsp;</td>
			<td>&nbsp;</td>
			<td>&nbsp;</td>
		</tr>
		<tr>
			<td style="text-align: right;"><3><span>&nbsp;</span></td>
			<td>&nbsp;</td>
			<td>&nbsp;- The difference between new, unseen data and training data is called generalisation gap.</td>
		</tr>
		<tr>
			<td style="text-align: right;">&nbsp;</td>
			<td>&nbsp;</td>
			<td>&nbsp;</td>
		</tr>
		<tr>
			<td style="text-align: right;"><4><span>&nbsp;</span></td>
			<td>&nbsp;</td>
			<td>&nbsp;- The generalisation gap depends only on the problem but not on the method.</td>
		</tr>
	</tbody>
</table>

<p>&nbsp;</p>

<p>&nbsp;</p>

<p>&nbsp;</p>

<p>&nbsp;</p>

<p>&nbsp;</p>  ]]></text>
      <width>0.0</width>
      <weighting>1,1,1,1</weighting>
      <numbering>alpha</numbering>

      <parts>

        <part>
          <mode>True False</mode>
          <name><![CDATA[  responseNaN  ]]></name>
          <editing>useHTML</editing>
          <numberOfAttempts>1</numberOfAttempts>
          <numberOfAttemptsLeft>1</numberOfAttemptsLeft>
          <numberOfTryAnother>0</numberOfTryAnother>
          <numberOfTryAnotherLeft>0</numberOfTryAnotherLeft>
          <allowRepublish>false</allowRepublish>
          <attributeAuthor>false</attributeAuthor>
          <difficulty>0.0</difficulty>
          <text><![CDATA[    ]]></text>
          <answer><![CDATA[  1  ]]></answer>
          <fixed><![CDATA[    ]]></fixed>
          <choices>
            <choice><![CDATA[  True  ]]></choice>
            <choice><![CDATA[  False  ]]></choice>
          </choices>
          <width>0.0</width>
        </part>

        <part>
          <mode>True False</mode>
          <name><![CDATA[  responseNaN  ]]></name>
          <comment><![CDATA[  <p>&nbsp;</p>

<p>&nbsp;No, the situation, when the model complexity is too low, is called underfitting.</p>  ]]></comment>
          <editing>useHTML</editing>
          <numberOfAttempts>1</numberOfAttempts>
          <numberOfAttemptsLeft>1</numberOfAttemptsLeft>
          <numberOfTryAnother>0</numberOfTryAnother>
          <numberOfTryAnotherLeft>0</numberOfTryAnotherLeft>
          <allowRepublish>false</allowRepublish>
          <attributeAuthor>false</attributeAuthor>
          <difficulty>0.0</difficulty>
          <text><![CDATA[    ]]></text>
          <answer><![CDATA[  2  ]]></answer>
          <fixed><![CDATA[    ]]></fixed>
          <choices>
            <choice><![CDATA[  True  ]]></choice>
            <choice><![CDATA[  False  ]]></choice>
          </choices>
          <width>0.0</width>
        </part>

        <part>
          <mode>True False</mode>
          <name><![CDATA[  responseNaN  ]]></name>
          <comment><![CDATA[  <p>&nbsp;</p>

<p>Yes, the difference between new, unseen data and training data is called generalisation gap.</p>  ]]></comment>
          <editing>useHTML</editing>
          <numberOfAttempts>1</numberOfAttempts>
          <numberOfAttemptsLeft>1</numberOfAttemptsLeft>
          <numberOfTryAnother>0</numberOfTryAnother>
          <numberOfTryAnotherLeft>0</numberOfTryAnotherLeft>
          <allowRepublish>false</allowRepublish>
          <attributeAuthor>false</attributeAuthor>
          <difficulty>0.0</difficulty>
          <text><![CDATA[    ]]></text>
          <answer><![CDATA[  1  ]]></answer>
          <fixed><![CDATA[    ]]></fixed>
          <choices>
            <choice><![CDATA[  True  ]]></choice>
            <choice><![CDATA[  False  ]]></choice>
          </choices>
          <width>0.0</width>
        </part>

        <part>
          <mode>True False</mode>
          <name><![CDATA[  responseNaN  ]]></name>
          <comment><![CDATA[  <p>&nbsp;</p>

<p>&nbsp;- The generalisation gap depends on the method and the problem.</p>

<p>&nbsp;- Concerning the method, one can typically say that the more a method adapts to training data, the larger the generalisation gap.</p>  ]]></comment>
          <editing>useHTML</editing>
          <numberOfAttempts>1</numberOfAttempts>
          <numberOfAttemptsLeft>1</numberOfAttemptsLeft>
          <numberOfTryAnother>0</numberOfTryAnother>
          <numberOfTryAnotherLeft>0</numberOfTryAnotherLeft>
          <allowRepublish>false</allowRepublish>
          <attributeAuthor>false</attributeAuthor>
          <difficulty>0.0</difficulty>
          <text><![CDATA[    ]]></text>
          <answer><![CDATA[  2  ]]></answer>
          <fixed><![CDATA[    ]]></fixed>
          <choices>
            <choice><![CDATA[  True  ]]></choice>
            <choice><![CDATA[  False  ]]></choice>
          </choices>
          <width>0.0</width>
        </part>
      </parts>

      <authorNotes><![CDATA[  <p><br />
&nbsp;This question is based on Figure 4.3 and the text from page 74:</p>

<p>MACHINE LEARNING<br />
A First Course for Engineers and Scientists<br />
Andreas Lindholm, Niklas Wahlstr&ouml;m,<br />
Fredrik Lindsten, Thomas B. Sch&ouml;n<br />
This version: July 8, 2022</p>

<p>&nbsp;</p>  ]]></authorNotes>

    </question>

  </questions>

  <authors>

    <author uid="f0665a0c-fbe6-4a76-94f2-44bc0af7f07f" instanceUid="d686b894-131e-4a5f-80d4-508a091f9939" defaultSchool="0036431e-f8bc-47b0-91c8-2e9c94d10db0">
      <displayName><![CDATA[  Nihad Subasic  ]]></displayName>
    </author>
  </authors>

  <schools>

    <school uid="0036431e-f8bc-47b0-91c8-2e9c94d10db0">
      <name><![CDATA[  Kungliga Tekniska Högskolan  ]]></name>
    </school>
  </schools>

  <webResources>

    <folder id="0">
      <name><![CDATA[  web_folders  ]]></name>
      <description><![CDATA[    ]]></description>
      <uri><![CDATA[  web_folders  ]]></uri>
    </folder>
  </webResources>
</courseModule>