<courseModule>

  <module>
    <name><![CDATA[  ML04UEIP05  ]]></name>
    <description><![CDATA[  Course Module  ]]></description>
    <uri><![CDATA[  7aeeac6d-5b63-4097-8d25-c40f8090fd1a  ]]></uri>
    <privacy>0</privacy>
    <autoModule>true</autoModule>
    <exportedFrom>d686b894-131e-4a5f-80d4-508a091f9939</exportedFrom>
  </module>

  <questions>

    <question uid="7aeeac6d-5b63-4097-8d25-c40f8090fd1a" modifiedBy="f0665a0c-fbe6-4a76-94f2-44bc0af7f07f" school="0036431e-f8bc-47b0-91c8-2e9c94d10db0" language="en">
      <mode>Inline</mode>
      <chainId><![CDATA[  0  ]]></chainId>
      <name><![CDATA[  ML04UEIP05  ]]></name>
      <editing>useHTML</editing>
      <numberOfAttempts>1</numberOfAttempts>
      <numberOfAttemptsLeft>1</numberOfAttemptsLeft>
      <numberOfTryAnother>0</numberOfTryAnother>
      <numberOfTryAnotherLeft>0</numberOfTryAnotherLeft>
      <privacy>10</privacy>
      <allowRepublish>false</allowRepublish>
      <attributeAuthor>true</attributeAuthor>
      <modifiedIn>18.2</modifiedIn>
      <difficulty>-1.0</difficulty>
      <text><![CDATA[  <p>&nbsp;</p>

<p>&nbsp;Many binary classification problems have particular characteristics, in that they are:</p>

<p>&nbsp;a) <1><span> </span>if the vast majority of the data points belong to one class.</p>

<p>&nbsp;b) <2><span> </span>if a false negative is considered more severe than a false positive, or vice versa.</p>

<p>&nbsp;c) The F1 score summarises the precision and recall&nbsp;<img alt="" src="__BASE_URI__F1_ImbalancedProb.PNG" style="width: 150px; height: 36px;">&nbsp; can get values between zero and one is preferable för&nbsp;<3><span>&nbsp;</span>&nbsp; problems.&nbsp;</p>

<p>&nbsp;d)&nbsp;For&nbsp;<4><span>&nbsp;</span> problems, however, the F1 score is not sufficient and &nbsp;<img alt="" src="__BASE_URI__FBeta_AssymmetricProb.PNG" style="width: 164px; height: 36px;"> can be used here.</p>

<p>&nbsp;</p>

<p>&nbsp;</p>  ]]></text>
      <width>0.0</width>
      <weighting>1,1,1,1</weighting>
      <numbering>alpha</numbering>

      <parts>

        <part>
          <mode>List</mode>
          <name><![CDATA[  responseNaN  ]]></name>
          <comment><![CDATA[  <p>&nbsp;</p>

<p>&nbsp;- Many binary classification problems have particular characteristics, in that they are imbalanced, or asymmetric, or both.</p>  ]]></comment>
          <editing>useHTML</editing>
          <numberOfAttempts>1</numberOfAttempts>
          <numberOfAttemptsLeft>1</numberOfAttemptsLeft>
          <numberOfTryAnother>0</numberOfTryAnother>
          <numberOfTryAnotherLeft>0</numberOfTryAnotherLeft>
          <allowRepublish>false</allowRepublish>
          <attributeAuthor>false</attributeAuthor>
          <difficulty>0.0</difficulty>
          <text><![CDATA[    ]]></text>
          <display permute="true">menu</display>
          <width>0.0</width>
          <grader>relaxed</grader>
          <answers>
            <answer><![CDATA[  imbalanced  ]]></answer>
            <answer><![CDATA[  balanced  ]]></answer>
            <answer><![CDATA[  assymmetric  ]]></answer>
            <answer><![CDATA[  symmetric  ]]></answer>
            <answer><![CDATA[  impossible  ]]></answer>
          </answers>
          <credits>
            <credit>1.0</credit>
            <credit>0.0</credit>
            <credit>0.0</credit>
            <credit>0.0</credit>
            <credit>0.0</credit>
          </credits>
        </part>

        <part>
          <mode>List</mode>
          <name><![CDATA[  responseNaN  ]]></name>
          <comment><![CDATA[  <p>&nbsp;</p>

<p>&nbsp;- Many binary classification problems have particular characteristics, in that they are imbalanced, or asymmetric, or both.</p>  ]]></comment>
          <editing>useHTML</editing>
          <numberOfAttempts>1</numberOfAttempts>
          <numberOfAttemptsLeft>1</numberOfAttemptsLeft>
          <numberOfTryAnother>0</numberOfTryAnother>
          <numberOfTryAnotherLeft>0</numberOfTryAnotherLeft>
          <allowRepublish>false</allowRepublish>
          <attributeAuthor>false</attributeAuthor>
          <difficulty>0.0</difficulty>
          <text><![CDATA[    ]]></text>
          <display permute="true">menu</display>
          <width>0.0</width>
          <grader>relaxed</grader>
          <answers>
            <answer><![CDATA[  asymmetric  ]]></answer>
            <answer><![CDATA[  symmetric  ]]></answer>
            <answer><![CDATA[  imbalanced  ]]></answer>
            <answer><![CDATA[  balanced  ]]></answer>
            <answer><![CDATA[  impossible  ]]></answer>
          </answers>
          <credits>
            <credit>1.0</credit>
            <credit>0.0</credit>
            <credit>0.0</credit>
            <credit>0.0</credit>
            <credit>0.0</credit>
          </credits>
        </part>

        <part>
          <mode>List</mode>
          <name><![CDATA[  responseNaN  ]]></name>
          <comment><![CDATA[  <p>&nbsp;</p>

<p>&nbsp;- The F1 score is preferable f&ouml;r imbalanced problems.&nbsp;</p>  ]]></comment>
          <editing>useHTML</editing>
          <numberOfAttempts>1</numberOfAttempts>
          <numberOfAttemptsLeft>1</numberOfAttemptsLeft>
          <numberOfTryAnother>0</numberOfTryAnother>
          <numberOfTryAnotherLeft>0</numberOfTryAnotherLeft>
          <allowRepublish>false</allowRepublish>
          <attributeAuthor>false</attributeAuthor>
          <difficulty>0.0</difficulty>
          <text><![CDATA[    ]]></text>
          <display permute="true">menu</display>
          <width>0.0</width>
          <grader>exact</grader>
          <answers>
            <answer><![CDATA[  imbalanced  ]]></answer>
            <answer><![CDATA[  balanced  ]]></answer>
            <answer><![CDATA[  assymmetric  ]]></answer>
            <answer><![CDATA[  symmetric  ]]></answer>
            <answer><![CDATA[  impossible  ]]></answer>
          </answers>
          <credits>
            <credit>1.0</credit>
            <credit>0.0</credit>
            <credit>0.0</credit>
            <credit>0.0</credit>
            <credit>0.0</credit>
          </credits>
        </part>

        <part>
          <mode>List</mode>
          <name><![CDATA[  responseNaN  ]]></name>
          <editing>useHTML</editing>
          <numberOfAttempts>1</numberOfAttempts>
          <numberOfAttemptsLeft>1</numberOfAttemptsLeft>
          <numberOfTryAnother>0</numberOfTryAnother>
          <numberOfTryAnotherLeft>0</numberOfTryAnotherLeft>
          <allowRepublish>false</allowRepublish>
          <attributeAuthor>false</attributeAuthor>
          <difficulty>0.0</difficulty>
          <text><![CDATA[    ]]></text>
          <display permute="true">menu</display>
          <width>0.0</width>
          <grader>exact</grader>
          <answers>
            <answer><![CDATA[  asymmetric  ]]></answer>
            <answer><![CDATA[  symmetric  ]]></answer>
            <answer><![CDATA[  imbalanced  ]]></answer>
            <answer><![CDATA[  balanced  ]]></answer>
            <answer><![CDATA[  impossible  ]]></answer>
          </answers>
          <credits>
            <credit>1.0</credit>
            <credit>0.0</credit>
            <credit>0.0</credit>
            <credit>0.0</credit>
            <credit>0.0</credit>
          </credits>
        </part>
      </parts>
    </question>
  </questions>

  <authors>

    <author uid="f0665a0c-fbe6-4a76-94f2-44bc0af7f07f" instanceUid="d686b894-131e-4a5f-80d4-508a091f9939" defaultSchool="0036431e-f8bc-47b0-91c8-2e9c94d10db0">
      <displayName><![CDATA[  Nihad Subasic  ]]></displayName>
    </author>
  </authors>

  <schools>

    <school uid="0036431e-f8bc-47b0-91c8-2e9c94d10db0">
      <name><![CDATA[  Kungliga Tekniska Högskolan  ]]></name>
    </school>
  </schools>

  <webResources>

    <folder id="0">
      <name><![CDATA[  web_folders  ]]></name>
      <description><![CDATA[    ]]></description>
      <uri><![CDATA[  web_folders  ]]></uri>
    </folder>
  </webResources>
</courseModule>