<courseModule>

  <module>
    <name><![CDATA[  ML03BPM02  ]]></name>
    <description><![CDATA[  Course Module  ]]></description>
    <uri><![CDATA[  35623dd6-904a-4dc5-bf9c-4b8ecc20858e  ]]></uri>
    <privacy>0</privacy>
    <autoModule>true</autoModule>
    <exportedFrom>d686b894-131e-4a5f-80d4-508a091f9939</exportedFrom>
  </module>

  <questions>

    <question uid="35623dd6-904a-4dc5-bf9c-4b8ecc20858e" modifiedBy="f0665a0c-fbe6-4a76-94f2-44bc0af7f07f" school="0036431e-f8bc-47b0-91c8-2e9c94d10db0">
      <mode>Inline</mode>
      <chainId><![CDATA[  0  ]]></chainId>
      <name><![CDATA[  ML03BPM02  ]]></name>
      <editing>useHTML</editing>
      <numberOfAttempts>1</numberOfAttempts>
      <numberOfAttemptsLeft>1</numberOfAttemptsLeft>
      <numberOfTryAnother>0</numberOfTryAnother>
      <numberOfTryAnotherLeft>0</numberOfTryAnotherLeft>
      <privacy>10</privacy>
      <allowRepublish>false</allowRepublish>
      <attributeAuthor>true</attributeAuthor>
      <modifiedIn>18.2</modifiedIn>
      <difficulty>0.0</difficulty>
      <text><![CDATA[  <p>&nbsp;</p>

<p>&nbsp;Match the given Greek letters with their meaning as used in the course literature.</p>

<p><1><span>&nbsp;</span></p>  ]]></text>
      <width>0.0</width>
      <weighting>1</weighting>
      <numbering>alpha</numbering>

      <parts>

        <part>
          <mode>Matching</mode>
          <name><![CDATA[  responseNaN  ]]></name>
          <editing>useHTML</editing>
          <numberOfAttempts>1</numberOfAttempts>
          <numberOfAttemptsLeft>1</numberOfAttemptsLeft>
          <numberOfTryAnother>0</numberOfTryAnother>
          <numberOfTryAnotherLeft>0</numberOfTryAnotherLeft>
          <allowRepublish>false</allowRepublish>
          <attributeAuthor>false</attributeAuthor>
          <difficulty>0.0</difficulty>
          <text><![CDATA[    ]]></text>
          <matchings>
            <match>
              <term><![CDATA[  <p>&nbsp;<math xmlns="http://www.w3.org/1998/Math/MathML"><mrow><mi>λ</mi></mrow></math>&nbsp;(lambda)</p>  ]]></term>
              <defs>
                <def><![CDATA[  <p>&nbsp;- det kommer senare</p>  ]]></def>
              </defs>
            </match>
            <match>
              <term><![CDATA[  <p>&nbsp;<math xmlns="http://www.w3.org/1998/Math/MathML"><mrow><mi>ε</mi></mrow></math>&nbsp;(epsilon)</p>  ]]></term>
              <defs>
                <def><![CDATA[  <p>&nbsp;- a random variable referred to as noise (error).</p>  ]]></def>
              </defs>
            </match>
            <match>
              <term><![CDATA[  <p>&nbsp;<math xmlns="http://www.w3.org/1998/Math/MathML"><mrow><mi>Θ</mi></mrow></math>&nbsp;(theta)</p>  ]]></term>
              <defs>
                <def><![CDATA[  <p>&nbsp;- parameters of the model which control the input-output relation&nbsp;</p>  ]]></def>
              </defs>
            </match>
          </matchings>
          <format>
            <columns>1</columns>
          </format>
          <width>0.0</width>
        </part>
      </parts>

      <authorNotes><![CDATA[  <p>&nbsp;</p>

<p>&nbsp;This question is based on the text in the whole book:&nbsp;</p>

<p>MACHINE LEARNING<br />
A First Course for Engineers and Scientists<br />
Andreas Lindholm, Niklas Wahlstr&ouml;m,<br />
Fredrik Lindsten, Thomas B. Sch&ouml;n<br />
This version: July 8, 2022</p>  ]]></authorNotes>

    </question>

  </questions>

  <authors>

    <author uid="f0665a0c-fbe6-4a76-94f2-44bc0af7f07f" instanceUid="d686b894-131e-4a5f-80d4-508a091f9939" defaultSchool="0036431e-f8bc-47b0-91c8-2e9c94d10db0">
      <displayName><![CDATA[  Nihad Subasic  ]]></displayName>
    </author>
  </authors>

  <schools>

    <school uid="0036431e-f8bc-47b0-91c8-2e9c94d10db0">
      <name><![CDATA[  Kungliga Tekniska Högskolan  ]]></name>
    </school>
  </schools>
</courseModule>