<courseModule>

  <module>
    <name><![CDATA[  ML03BPM01  ]]></name>
    <description><![CDATA[  Course Module  ]]></description>
    <uri><![CDATA[  d913ae84-4444-47c6-92cb-4ae0f039910e  ]]></uri>
    <privacy>0</privacy>
    <autoModule>true</autoModule>
    <exportedFrom>d686b894-131e-4a5f-80d4-508a091f9939</exportedFrom>
  </module>

  <questions>

    <question uid="d913ae84-4444-47c6-92cb-4ae0f039910e" modifiedBy="f0665a0c-fbe6-4a76-94f2-44bc0af7f07f" school="0036431e-f8bc-47b0-91c8-2e9c94d10db0" language="en">
      <mode>Inline</mode>
      <chainId><![CDATA[  0  ]]></chainId>
      <name><![CDATA[  ML03BPM01  ]]></name>
      <editing>useHTML</editing>
      <numberOfAttempts>1</numberOfAttempts>
      <numberOfAttemptsLeft>1</numberOfAttemptsLeft>
      <numberOfTryAnother>0</numberOfTryAnother>
      <numberOfTryAnotherLeft>0</numberOfTryAnotherLeft>
      <privacy>10</privacy>
      <allowRepublish>false</allowRepublish>
      <attributeAuthor>true</attributeAuthor>
      <modifiedIn>18.2</modifiedIn>
      <difficulty>-1.0</difficulty>
      <text><![CDATA[  <p>&nbsp;</p>

<p>&nbsp;</p>

<p>&nbsp;There are two basic parametric modelling used to solve&nbsp;supervised machine learning problems.</p>

<p>&nbsp; &nbsp; &nbsp;-&nbsp;<1><span>&nbsp;</span> regression model, which might&nbsp;(at least historically) be the most popular method for solving regression problems</p>

<p>&nbsp; &nbsp; &nbsp;-&nbsp;<2><span>&nbsp;</span> regression model, mostly used in case when&nbsp;inputs are categorical.</p>  ]]></text>
      <width>0.0</width>
      <weighting>1,1</weighting>
      <numbering>alpha</numbering>

      <parts>

        <part>
          <mode>List</mode>
          <name><![CDATA[  responseNaN  ]]></name>
          <comment><![CDATA[  <p>&nbsp;linear regression&nbsp;</p>  ]]></comment>
          <editing>useHTML</editing>
          <numberOfAttempts>1</numberOfAttempts>
          <numberOfAttemptsLeft>1</numberOfAttemptsLeft>
          <numberOfTryAnother>0</numberOfTryAnother>
          <numberOfTryAnotherLeft>0</numberOfTryAnotherLeft>
          <allowRepublish>false</allowRepublish>
          <attributeAuthor>false</attributeAuthor>
          <difficulty>0.0</difficulty>
          <text><![CDATA[    ]]></text>
          <display>text</display>
          <width>0.0</width>
          <grader>relaxed</grader>
          <answers>
            <answer><![CDATA[  linear  ]]></answer>
          </answers>
          <credits>
            <credit>1.0</credit>
          </credits>
        </part>

        <part>
          <mode>List</mode>
          <name><![CDATA[  responseNaN  ]]></name>
          <comment><![CDATA[  <p>&nbsp;logistic regression</p>  ]]></comment>
          <editing>useHTML</editing>
          <numberOfAttempts>1</numberOfAttempts>
          <numberOfAttemptsLeft>1</numberOfAttemptsLeft>
          <numberOfTryAnother>0</numberOfTryAnother>
          <numberOfTryAnotherLeft>0</numberOfTryAnotherLeft>
          <allowRepublish>false</allowRepublish>
          <attributeAuthor>false</attributeAuthor>
          <difficulty>0.0</difficulty>
          <text><![CDATA[    ]]></text>
          <display>text</display>
          <width>0.0</width>
          <grader>relaxed</grader>
          <answers>
            <answer><![CDATA[  logistic  ]]></answer>
          </answers>
          <credits>
            <credit>1.0</credit>
          </credits>
        </part>
      </parts>

      <authorNotes><![CDATA[  <p><br />
&nbsp;This question is based on the text on page 37 in book:&nbsp;</p>

<p>MACHINE LEARNING<br />
A First Course for Engineers and Scientists<br />
Andreas Lindholm, Niklas Wahlstr&ouml;m,<br />
Fredrik Lindsten, Thomas B. Sch&ouml;n<br />
This version: July 8, 2022</p>  ]]></authorNotes>

    </question>

  </questions>

  <authors>

    <author uid="f0665a0c-fbe6-4a76-94f2-44bc0af7f07f" instanceUid="d686b894-131e-4a5f-80d4-508a091f9939" defaultSchool="0036431e-f8bc-47b0-91c8-2e9c94d10db0">
      <displayName><![CDATA[  Nihad Subasic  ]]></displayName>
    </author>
  </authors>

  <schools>

    <school uid="0036431e-f8bc-47b0-91c8-2e9c94d10db0">
      <name><![CDATA[  Kungliga Tekniska Högskolan  ]]></name>
    </school>
  </schools>
</courseModule>