<courseModule>

  <module>
    <name><![CDATA[  ML02SL06  ]]></name>
    <description><![CDATA[  Course Module  ]]></description>
    <uri><![CDATA[  8902bb6d-8cac-43f1-b552-257736b4bef7  ]]></uri>
    <privacy>0</privacy>
    <autoModule>true</autoModule>
    <exportedFrom>d686b894-131e-4a5f-80d4-508a091f9939</exportedFrom>
  </module>

  <questions>

    <question uid="8902bb6d-8cac-43f1-b552-257736b4bef7" modifiedBy="f0665a0c-fbe6-4a76-94f2-44bc0af7f07f" school="0036431e-f8bc-47b0-91c8-2e9c94d10db0" language="en">
      <mode>Inline</mode>
      <chainId><![CDATA[  0  ]]></chainId>
      <name><![CDATA[  ML02SL06  ]]></name>
      <editing>useHTML</editing>
      <numberOfAttempts>1</numberOfAttempts>
      <numberOfAttemptsLeft>1</numberOfAttemptsLeft>
      <numberOfTryAnother>0</numberOfTryAnother>
      <numberOfTryAnotherLeft>0</numberOfTryAnotherLeft>
      <privacy>10</privacy>
      <allowRepublish>false</allowRepublish>
      <attributeAuthor>true</attributeAuthor>
      <modifiedIn>18.2</modifiedIn>
      <difficulty>-1.0</difficulty>
      <text><![CDATA[  <p>&nbsp;</p>

<p>&nbsp;The figure below shows a decision tree.&nbsp;</p>

<p>&nbsp;&nbsp;<img alt="" src="__BASE_URI__decTree.png" style="width: 400px; height: 353px;"></p>

<p>&nbsp;</p>

<p>&nbsp;a) The endpoints of each branch R1, R2 and R3&nbsp; are called&nbsp;<1><span>&nbsp;.</span></p>

<p><span>&nbsp;b) Expressions x1<5.0 and x2<3.0 are called&nbsp;<2><span>&nbsp;</span>.</span></p>

<p><span>&nbsp;c) Each x split the tree in exactly two branches and becouse that the tree is referred to as&nbsp;<3><span>&nbsp;</span>&nbsp;</span></p>

<p>&nbsp;</p>

<p>&nbsp;</p>

<p><span>&nbsp;</span></p>  ]]></text>
      <width>0.0</width>
      <weighting>1,1,1</weighting>
      <numbering>alpha</numbering>

      <parts>

        <part>
          <mode>List</mode>
          <name><![CDATA[  responseNaN  ]]></name>
          <editing>useHTML</editing>
          <numberOfAttempts>1</numberOfAttempts>
          <numberOfAttemptsLeft>1</numberOfAttemptsLeft>
          <numberOfTryAnother>0</numberOfTryAnother>
          <numberOfTryAnotherLeft>0</numberOfTryAnotherLeft>
          <allowRepublish>false</allowRepublish>
          <attributeAuthor>false</attributeAuthor>
          <difficulty>0.0</difficulty>
          <text><![CDATA[    ]]></text>
          <display permute="true">menu</display>
          <width>0.0</width>
          <grader>relaxed</grader>
          <answers>
            <answer><![CDATA[  variables  ]]></answer>
            <answer><![CDATA[  functions  ]]></answer>
            <answer><![CDATA[  leaf nodes  ]]></answer>
            <answer><![CDATA[  internal nodes  ]]></answer>
            <answer><![CDATA[  branch ends  ]]></answer>
          </answers>
          <credits>
            <credit>0.0</credit>
            <credit>0.0</credit>
            <credit>1.0</credit>
            <credit>0.0</credit>
            <credit>0.0</credit>
          </credits>
        </part>

        <part>
          <mode>List</mode>
          <name><![CDATA[  responseNaN  ]]></name>
          <editing>useHTML</editing>
          <numberOfAttempts>1</numberOfAttempts>
          <numberOfAttemptsLeft>1</numberOfAttemptsLeft>
          <numberOfTryAnother>0</numberOfTryAnother>
          <numberOfTryAnotherLeft>0</numberOfTryAnotherLeft>
          <allowRepublish>false</allowRepublish>
          <attributeAuthor>false</attributeAuthor>
          <difficulty>0.0</difficulty>
          <text><![CDATA[    ]]></text>
          <display permute="true">menu</display>
          <width>0.0</width>
          <grader>exact</grader>
          <answers>
            <answer><![CDATA[  variables  ]]></answer>
            <answer><![CDATA[  functions  ]]></answer>
            <answer><![CDATA[  leaf nodes  ]]></answer>
            <answer><![CDATA[  internal nodes  ]]></answer>
            <answer><![CDATA[  branches  ]]></answer>
          </answers>
          <credits>
            <credit>0.0</credit>
            <credit>0.0</credit>
            <credit>0.0</credit>
            <credit>1.0</credit>
            <credit>0.0</credit>
          </credits>
        </part>

        <part>
          <mode>List</mode>
          <name><![CDATA[  responseNaN  ]]></name>
          <editing>useHTML</editing>
          <numberOfAttempts>1</numberOfAttempts>
          <numberOfAttemptsLeft>1</numberOfAttemptsLeft>
          <numberOfTryAnother>0</numberOfTryAnother>
          <numberOfTryAnotherLeft>0</numberOfTryAnotherLeft>
          <allowRepublish>false</allowRepublish>
          <attributeAuthor>false</attributeAuthor>
          <difficulty>0.0</difficulty>
          <text><![CDATA[    ]]></text>
          <display permute="false">menu</display>
          <width>0.0</width>
          <grader>exact</grader>
          <answers>
            <answer><![CDATA[  binary tree.  ]]></answer>
            <answer><![CDATA[  no, there is no such reference.  ]]></answer>
            <answer><![CDATA[  the second order tree.  ]]></answer>
            <answer><![CDATA[  quadratic tree.  ]]></answer>
            <answer><![CDATA[  non-linear tree.  ]]></answer>
          </answers>
          <credits>
            <credit>1.0</credit>
            <credit>0.0</credit>
            <credit>0.0</credit>
            <credit>0.0</credit>
            <credit>0.0</credit>
          </credits>
        </part>
      </parts>

      <authorNotes><![CDATA[  <p>&nbsp;</p>

<p>This question is based on the text at page 26 from book:</p>

<p>MACHINE LEARNING<br />
A First Course for Engineers and Scientists<br />
Andreas Lindholm, Niklas Wahlstr&ouml;m,<br />
Fredrik Lindsten, Thomas B. Sch&ouml;n<br />
This version: July 8, 2022</p>  ]]></authorNotes>

    </question>

  </questions>

  <authors>

    <author uid="f0665a0c-fbe6-4a76-94f2-44bc0af7f07f" instanceUid="d686b894-131e-4a5f-80d4-508a091f9939" defaultSchool="0036431e-f8bc-47b0-91c8-2e9c94d10db0">
      <displayName><![CDATA[  Nihad Subasic  ]]></displayName>
    </author>
  </authors>

  <schools>

    <school uid="0036431e-f8bc-47b0-91c8-2e9c94d10db0">
      <name><![CDATA[  Kungliga Tekniska Högskolan  ]]></name>
    </school>
  </schools>

  <webResources>

    <folder id="0">
      <name><![CDATA[  web_folders  ]]></name>
      <description><![CDATA[    ]]></description>
      <uri><![CDATA[  web_folders  ]]></uri>
    </folder>
  </webResources>
</courseModule>