<courseModule>

  <module>
    <name><![CDATA[  ML02SL02  ]]></name>
    <description><![CDATA[  Course Module  ]]></description>
    <uri><![CDATA[  a14c6a72-3a72-4dc1-808d-78e60fa33a5a  ]]></uri>
    <privacy>0</privacy>
    <autoModule>true</autoModule>
    <exportedFrom>d686b894-131e-4a5f-80d4-508a091f9939</exportedFrom>
  </module>

  <questions>

    <question uid="a14c6a72-3a72-4dc1-808d-78e60fa33a5a" modifiedBy="f0665a0c-fbe6-4a76-94f2-44bc0af7f07f" school="0036431e-f8bc-47b0-91c8-2e9c94d10db0" language="en">
      <mode>Inline</mode>
      <chainId><![CDATA[  0  ]]></chainId>
      <name><![CDATA[  ML02SL02  ]]></name>
      <editing>useHTML</editing>
      <numberOfAttempts>1</numberOfAttempts>
      <numberOfAttemptsLeft>1</numberOfAttemptsLeft>
      <numberOfTryAnother>0</numberOfTryAnother>
      <numberOfTryAnotherLeft>0</numberOfTryAnotherLeft>
      <privacy>10</privacy>
      <allowRepublish>false</allowRepublish>
      <attributeAuthor>true</attributeAuthor>
      <modifiedIn>18.2</modifiedIn>
      <difficulty>-1.0</difficulty>
      <text><![CDATA[  <p>&nbsp;</p>

<p>&nbsp;What do the following expressions mean?</p>

<p>&nbsp;Match given expressions with explanations&nbsp;</p>

<p>&nbsp;<1><span>&nbsp;</span></p>  ]]></text>
      <width>0.0</width>
      <weighting>1</weighting>
      <numbering>alpha</numbering>

      <parts>

        <part>
          <mode>Matching</mode>
          <name><![CDATA[  responseNaN  ]]></name>
          <editing>useHTML</editing>
          <numberOfAttempts>1</numberOfAttempts>
          <numberOfAttemptsLeft>1</numberOfAttemptsLeft>
          <numberOfTryAnother>0</numberOfTryAnother>
          <numberOfTryAnotherLeft>0</numberOfTryAnotherLeft>
          <allowRepublish>false</allowRepublish>
          <attributeAuthor>false</attributeAuthor>
          <difficulty>0.0</difficulty>
          <text><![CDATA[    ]]></text>
          <matchings>
            <match>
              <term><![CDATA[  <p>&nbsp;Training data means ...</p>  ]]></term>
              <defs>
                <def><![CDATA[  <p>&nbsp;the data which&nbsp;consists of several&nbsp;<br />
input&ndash;output data points (samples) and&nbsp;used for learning.</p>  ]]></def>
              </defs>
            </match>
            <match>
              <term><![CDATA[  <p>&nbsp;Regression means ...</p>  ]]></term>
              <defs>
                <def><![CDATA[  <p>&nbsp;that the output is numerical.</p>  ]]></def>
              </defs>
            </match>
            <match>
              <term><![CDATA[  <p>&nbsp;Classification means ...</p>  ]]></term>
              <defs>
                <def><![CDATA[  <p>&nbsp;that the&nbsp;output is categorical.</p>  ]]></def>
              </defs>
            </match>
            <match>
              <term><![CDATA[  <p>&nbsp;Overfitting means...</p>  ]]></term>
              <defs>
                <def><![CDATA[  <p>&nbsp;that&nbsp;model is of little use in practice for making predictions.</p>  ]]></def>
              </defs>
            </match>
            <match>
              <term><![CDATA[  <p>&nbsp;Decision boundary illustrates ...</p>  ]]></term>
              <defs>
                <def><![CDATA[  <p>&nbsp;the prediction for all possible test inputs.</p>  ]]></def>
              </defs>
            </match>
            <match>
              <term><![CDATA[  <p>&nbsp;Hyperparameter is called...</p>  ]]></term>
              <defs>
                <def><![CDATA[  <p>&nbsp;the number of neighbours <em>k</em> that are considered when making predictions with <em>k</em>-NN.</p>  ]]></def>
              </defs>
            </match>
          </matchings>
          <format>
            <columns>2</columns>
          </format>
          <width>0.0</width>
        </part>
      </parts>

      <authorNotes><![CDATA[  <p><br />
&nbsp;This question is based on the text:&nbsp;</p>

<p>&nbsp;-&nbsp;The data used for learning is called training data. (page&nbsp;13)</p>

<p>&nbsp;-&nbsp;Regression means that the output is numerical, and classification means that the&nbsp;output is categorical. (page 15)</p>

<p>&nbsp;- the model is of little use in practice for making predictions. If this is the case, we&nbsp;say that the model is overfitting to the training data. (page 19)&nbsp;</p>

<p>MACHINE LEARNING<br />
A First Course for Engineers and Scientists<br />
Andreas Lindholm, Niklas Wahlstr&ouml;m,<br />
Fredrik Lindsten, Thomas B. Sch&ouml;n<br />
This version: July 8, 2022</p>  ]]></authorNotes>

    </question>

  </questions>

  <authors>

    <author uid="f0665a0c-fbe6-4a76-94f2-44bc0af7f07f" instanceUid="d686b894-131e-4a5f-80d4-508a091f9939" defaultSchool="0036431e-f8bc-47b0-91c8-2e9c94d10db0">
      <displayName><![CDATA[  Nihad Subasic  ]]></displayName>
    </author>
  </authors>

  <schools>

    <school uid="0036431e-f8bc-47b0-91c8-2e9c94d10db0">
      <name><![CDATA[  Kungliga Tekniska Högskolan  ]]></name>
    </school>
  </schools>
</courseModule>