<courseModule>

  <module>
    <name><![CDATA[  ML04UEIP01  ]]></name>
    <description><![CDATA[  Course Module  ]]></description>
    <uri><![CDATA[  a1eff802-bcea-462b-92fc-f2c5f8c1b124  ]]></uri>
    <privacy>0</privacy>
    <autoModule>true</autoModule>
    <exportedFrom>d686b894-131e-4a5f-80d4-508a091f9939</exportedFrom>
  </module>

  <questions>

    <question uid="a1eff802-bcea-462b-92fc-f2c5f8c1b124" modifiedBy="f0665a0c-fbe6-4a76-94f2-44bc0af7f07f" school="0036431e-f8bc-47b0-91c8-2e9c94d10db0" language="en">
      <mode>Inline</mode>
      <chainId><![CDATA[  0  ]]></chainId>
      <name><![CDATA[  ML04UEIP01  ]]></name>
      <editing>useHTML</editing>
      <numberOfAttempts>1</numberOfAttempts>
      <numberOfAttemptsLeft>1</numberOfAttemptsLeft>
      <numberOfTryAnother>0</numberOfTryAnother>
      <numberOfTryAnotherLeft>0</numberOfTryAnotherLeft>
      <privacy>10</privacy>
      <allowRepublish>false</allowRepublish>
      <attributeAuthor>true</attributeAuthor>
      <modifiedIn>18.2</modifiedIn>
      <difficulty>0.0</difficulty>
      <text><![CDATA[  <p>&nbsp;</p>

<p>&nbsp;Error function&nbsp;<img alt="" src="__BASE_URI__funkError.png" style="width: 50px; height: 25px;">&nbsp;and loss function <img alt="" src="__BASE_URI__funkLoss.png" style="width: 50px; height: 23px;">&nbsp;are similar but they are used in different ways.</p>

<p>&nbsp;Evaluate the following statements about the two functions if they are true or false.</p>

<p>&nbsp;</p>

<p>&nbsp;</p>

<table border="0" cellpadding="1" cellspacing="1" style="width:800px;">
	<tbody>
		<tr>
			<td>&nbsp; <1><span>&nbsp;</span>&nbsp;</td>
			<td>&nbsp;</td>
			<td>&nbsp;- An error function 𝐸 encodes the purpose of classification or regression.</td>
		</tr>
		<tr>
			<td>&nbsp;</td>
			<td>&nbsp;</td>
			<td>&nbsp;</td>
		</tr>
		<tr>
			<td>&nbsp;&nbsp;<2><span>&nbsp;</span></td>
			<td>&nbsp;</td>
			<td>&nbsp;- An error function compares a prediction <img alt="" src="__BASE_URI__funkPrediction.PNG" style="width: 30px; height: 19px;">&nbsp;to a measured data point,&nbsp;𝑦 and returns a small value (possibly zero) if is a good prediction of 𝑦 and a larger value otherwise.<br>
			&nbsp;</td>
		</tr>
		<tr>
			<td>&nbsp;</td>
			<td>&nbsp;</td>
			<td>&nbsp;</td>
		</tr>
		<tr>
			<td>&nbsp;&nbsp;<3><span>&nbsp;</span></td>
			<td>&nbsp;</td>
			<td>&nbsp;-&nbsp;An error function is used when learning (or, equivalently training) a model, whereas we use the loss function to analyse performance of&nbsp;an already learned model.</td>
		</tr>
		<tr>
			<td>&nbsp;</td>
			<td>&nbsp;</td>
			<td>&nbsp;</td>
		</tr>
		<tr>
			<td>&nbsp;&nbsp;<4><span>&nbsp;</span></td>
			<td>&nbsp;</td>
			<td>
			<p>&nbsp;- An error function is defined in the two different ways in classification and regression.</p>

			<p>&nbsp;<img alt="" src="__BASE_URI__funkErrorTwoDef.png" style="width: 500px; height: 85px;"></p>
			</td>
		</tr>
	</tbody>
</table>

<p>&nbsp;</p>  ]]></text>
      <width>0.0</width>
      <weighting>1,1,1,1</weighting>
      <numbering>alpha</numbering>

      <parts>

        <part>
          <mode>True False</mode>
          <name><![CDATA[  responseNaN  ]]></name>
          <comment><![CDATA[  <p>&nbsp;Yes, it is true, error function 𝐸 encodes the purpose of classification or regression.</p>  ]]></comment>
          <editing>useHTML</editing>
          <numberOfAttempts>1</numberOfAttempts>
          <numberOfAttemptsLeft>1</numberOfAttemptsLeft>
          <numberOfTryAnother>0</numberOfTryAnother>
          <numberOfTryAnotherLeft>0</numberOfTryAnotherLeft>
          <allowRepublish>false</allowRepublish>
          <attributeAuthor>false</attributeAuthor>
          <difficulty>0.0</difficulty>
          <text><![CDATA[    ]]></text>
          <answer><![CDATA[  1  ]]></answer>
          <fixed><![CDATA[    ]]></fixed>
          <choices>
            <choice><![CDATA[  True  ]]></choice>
            <choice><![CDATA[  False  ]]></choice>
          </choices>
          <width>0.0</width>
        </part>

        <part>
          <mode>True False</mode>
          <name><![CDATA[  responseNaN  ]]></name>
          <comment><![CDATA[  <p>&nbsp;</p>

<p>&nbsp;- Yes, it is true.</p>  ]]></comment>
          <editing>useHTML</editing>
          <numberOfAttempts>1</numberOfAttempts>
          <numberOfAttemptsLeft>1</numberOfAttemptsLeft>
          <numberOfTryAnother>0</numberOfTryAnother>
          <numberOfTryAnotherLeft>0</numberOfTryAnotherLeft>
          <allowRepublish>false</allowRepublish>
          <attributeAuthor>false</attributeAuthor>
          <difficulty>0.0</difficulty>
          <text><![CDATA[    ]]></text>
          <answer><![CDATA[  1  ]]></answer>
          <fixed><![CDATA[    ]]></fixed>
          <choices>
            <choice><![CDATA[  True  ]]></choice>
            <choice><![CDATA[  False  ]]></choice>
          </choices>
          <width>0.0</width>
        </part>

        <part>
          <mode>True False</mode>
          <name><![CDATA[  responseNaN  ]]></name>
          <comment><![CDATA[  <p>&nbsp;</p>

<p>&nbsp;- It is oppposite - a&nbsp;loss function is used when learning (or, equivalently training) a model, whereas we use the error function to analyse performance of&nbsp;an already learned model.</p>

<p>&nbsp;</p>  ]]></comment>
          <editing>useHTML</editing>
          <numberOfAttempts>1</numberOfAttempts>
          <numberOfAttemptsLeft>1</numberOfAttemptsLeft>
          <numberOfTryAnother>0</numberOfTryAnother>
          <numberOfTryAnotherLeft>0</numberOfTryAnotherLeft>
          <allowRepublish>false</allowRepublish>
          <attributeAuthor>false</attributeAuthor>
          <difficulty>0.0</difficulty>
          <text><![CDATA[    ]]></text>
          <answer><![CDATA[  2  ]]></answer>
          <fixed><![CDATA[    ]]></fixed>
          <choices>
            <choice><![CDATA[  True  ]]></choice>
            <choice><![CDATA[  False  ]]></choice>
          </choices>
          <width>0.0</width>
        </part>

        <part>
          <mode>True False</mode>
          <name><![CDATA[  responseNaN  ]]></name>
          <comment><![CDATA[  <p>&nbsp;</p>

<p>&nbsp;- Yes,&nbsp;our default choices are misclassification and squared error, respectively, explained in formula 4.1 a nad b, at page 63 in the book.</p>  ]]></comment>
          <editing>useHTML</editing>
          <numberOfAttempts>1</numberOfAttempts>
          <numberOfAttemptsLeft>1</numberOfAttemptsLeft>
          <numberOfTryAnother>0</numberOfTryAnother>
          <numberOfTryAnotherLeft>0</numberOfTryAnotherLeft>
          <allowRepublish>false</allowRepublish>
          <attributeAuthor>false</attributeAuthor>
          <difficulty>0.0</difficulty>
          <text><![CDATA[    ]]></text>
          <answer><![CDATA[  1  ]]></answer>
          <fixed><![CDATA[    ]]></fixed>
          <choices>
            <choice><![CDATA[  True  ]]></choice>
            <choice><![CDATA[  False  ]]></choice>
          </choices>
          <width>0.0</width>
        </part>
      </parts>
    </question>
  </questions>

  <authors>

    <author uid="f0665a0c-fbe6-4a76-94f2-44bc0af7f07f" instanceUid="d686b894-131e-4a5f-80d4-508a091f9939" defaultSchool="0036431e-f8bc-47b0-91c8-2e9c94d10db0">
      <displayName><![CDATA[  Nihad Subasic  ]]></displayName>
    </author>
  </authors>

  <schools>

    <school uid="0036431e-f8bc-47b0-91c8-2e9c94d10db0">
      <name><![CDATA[  Kungliga Tekniska Högskolan  ]]></name>
    </school>
  </schools>

  <webResources>

    <folder id="0">
      <name><![CDATA[  web_folders  ]]></name>
      <description><![CDATA[    ]]></description>
      <uri><![CDATA[  web_folders  ]]></uri>
    </folder>
  </webResources>
</courseModule>