<courseModule>

  <module>
    <name><![CDATA[  PYT_WS01_Q03  ]]></name>
    <description><![CDATA[  Course Module  ]]></description>
    <uri><![CDATA[  9504d4e6-3469-4a7e-936f-3246823a4ad8  ]]></uri>
    <privacy>0</privacy>
    <autoModule>true</autoModule>
    <exportedFrom>d686b894-131e-4a5f-80d4-508a091f9939</exportedFrom>
  </module>

  <questions>

    <question uid="9504d4e6-3469-4a7e-936f-3246823a4ad8" modifiedBy="f0665a0c-fbe6-4a76-94f2-44bc0af7f07f" school="0036431e-f8bc-47b0-91c8-2e9c94d10db0" language="en">
      <mode>Inline</mode>
      <chainId><![CDATA[  0  ]]></chainId>
      <name><![CDATA[  PYT_WS01_Q03  ]]></name>
      <editing>useHTML</editing>
      <numberOfAttempts>1</numberOfAttempts>
      <numberOfAttemptsLeft>1</numberOfAttemptsLeft>
      <numberOfTryAnother>0</numberOfTryAnother>
      <numberOfTryAnotherLeft>0</numberOfTryAnotherLeft>
      <privacy>10</privacy>
      <allowRepublish>false</allowRepublish>
      <attributeAuthor>true</attributeAuthor>
      <modifiedIn>18.2</modifiedIn>
      <difficulty>-1.0</difficulty>
      <text><![CDATA[  <p>&nbsp;</p>

<p><strong>&nbsp;True or False?</strong></p>

<p>&nbsp;Evaluate sentences about variables in Python below.</p>

<p>&nbsp;</p>

<table border="0" cellpadding="1" cellspacing="5" style="width:800px;">
	<tbody>
		<tr>
			<td><1>&nbsp;&nbsp;</td>
			<td>&nbsp;</td>
			<td>
			<p>&nbsp;-&nbsp;Variables provide flexibility in programming because they can store different types of data and can be assigned new values.</p>
			</td>
		</tr>
		<tr>
			<td>&nbsp;</td>
			<td>&nbsp;</td>
			<td>&nbsp;</td>
		</tr>
		<tr>
			<td><2><span>&nbsp;</span></td>
			<td>&nbsp;</td>
			<td>
			<p>&nbsp;- Python is a dynamically typed language, meaning you don't need to declare the data type explicitly.</p>
			</td>
		</tr>
		<tr>
			<td>&nbsp;</td>
			<td>&nbsp;</td>
			<td>&nbsp;</td>
		</tr>
		<tr>
			<td><3><span>&nbsp;</span></td>
			<td>&nbsp;</td>
			<td>
			<p>&nbsp;- Integers and float are real numbers with decimal comma.</p>
			</td>
		</tr>
		<tr>
			<td>&nbsp;</td>
			<td>&nbsp;</td>
			<td>&nbsp;</td>
		</tr>
		<tr>
			<td><4><span>&nbsp;</span></td>
			<td>&nbsp;</td>
			<td>
			<p>&nbsp;-&nbsp;Booleans represent logical values True, Maybe, Never, Always or False.</p>
			</td>
		</tr>
	</tbody>
</table>

<p>&nbsp;</p>  ]]></text>
      <width>0.0</width>
      <weighting>1,1,1,1</weighting>
      <numbering>alpha</numbering>

      <parts>

        <part>
          <mode>True False</mode>
          <name><![CDATA[  responseNaN  ]]></name>
          <comment><![CDATA[  <p>&nbsp;</p>

<p>&nbsp;Variables provide flexibility in programming because they can store different types of data and can be assigned new values. This flexibility allows you to perform dynamic computations and work with changing data throughout your program.</p>  ]]></comment>
          <editing>useHTML</editing>
          <numberOfAttempts>1</numberOfAttempts>
          <numberOfAttemptsLeft>1</numberOfAttemptsLeft>
          <numberOfTryAnother>0</numberOfTryAnother>
          <numberOfTryAnotherLeft>0</numberOfTryAnotherLeft>
          <allowRepublish>false</allowRepublish>
          <attributeAuthor>false</attributeAuthor>
          <difficulty>0.0</difficulty>
          <text><![CDATA[    ]]></text>
          <answer><![CDATA[  1  ]]></answer>
          <fixed><![CDATA[    ]]></fixed>
          <choices>
            <choice><![CDATA[  True  ]]></choice>
            <choice><![CDATA[  False  ]]></choice>
          </choices>
          <width>0.0</width>
        </part>

        <part>
          <mode>True False</mode>
          <name><![CDATA[  responseNaN  ]]></name>
          <comment><![CDATA[  <p>&nbsp;</p>

<p>&nbsp;Python is a dynamically typed language, meaning you don&#39;t need to declare the data type explicitly.&nbsp;</p>

<p>&nbsp;Python infers the data type based on the value assigned to a variable.</p>

<p>&nbsp;</p>  ]]></comment>
          <editing>useHTML</editing>
          <numberOfAttempts>1</numberOfAttempts>
          <numberOfAttemptsLeft>1</numberOfAttemptsLeft>
          <numberOfTryAnother>0</numberOfTryAnother>
          <numberOfTryAnotherLeft>0</numberOfTryAnotherLeft>
          <allowRepublish>false</allowRepublish>
          <attributeAuthor>false</attributeAuthor>
          <difficulty>0.0</difficulty>
          <text><![CDATA[    ]]></text>
          <answer><![CDATA[  1  ]]></answer>
          <fixed><![CDATA[    ]]></fixed>
          <choices>
            <choice><![CDATA[  True  ]]></choice>
            <choice><![CDATA[  False  ]]></choice>
          </choices>
          <width>0.0</width>
        </part>

        <part>
          <mode>True False</mode>
          <name><![CDATA[  responseNaN  ]]></name>
          <comment><![CDATA[  <p>&nbsp;</p>

<p>&nbsp;Integers are whole numbers without decimal points.</p>

<p>&nbsp;For example: 5, -3, 0.</p>

<p>&nbsp;Floats are numbers with decimal points (not comma) and they can also include scientific notation.<br />
&nbsp;For example: 3.14, -2.5, 1.0e-5.</p>  ]]></comment>
          <editing>useHTML</editing>
          <numberOfAttempts>1</numberOfAttempts>
          <numberOfAttemptsLeft>1</numberOfAttemptsLeft>
          <numberOfTryAnother>0</numberOfTryAnother>
          <numberOfTryAnotherLeft>0</numberOfTryAnotherLeft>
          <allowRepublish>false</allowRepublish>
          <attributeAuthor>false</attributeAuthor>
          <difficulty>0.0</difficulty>
          <text><![CDATA[    ]]></text>
          <answer><![CDATA[  2  ]]></answer>
          <fixed><![CDATA[    ]]></fixed>
          <choices>
            <choice><![CDATA[  True  ]]></choice>
            <choice><![CDATA[  False  ]]></choice>
          </choices>
          <width>0.0</width>
        </part>

        <part>
          <mode>True False</mode>
          <name><![CDATA[  responseNaN  ]]></name>
          <comment><![CDATA[  <p>&nbsp;</p>

<p>&nbsp;Booleans represent logical values and can be either True or False. (Not Maybe or Never!)</p>

<p>&nbsp;They are often used for conditions and comparisons.&nbsp;</p>  ]]></comment>
          <editing>useHTML</editing>
          <numberOfAttempts>1</numberOfAttempts>
          <numberOfAttemptsLeft>1</numberOfAttemptsLeft>
          <numberOfTryAnother>0</numberOfTryAnother>
          <numberOfTryAnotherLeft>0</numberOfTryAnotherLeft>
          <allowRepublish>false</allowRepublish>
          <attributeAuthor>false</attributeAuthor>
          <difficulty>0.0</difficulty>
          <text><![CDATA[    ]]></text>
          <answer><![CDATA[  2  ]]></answer>
          <fixed><![CDATA[    ]]></fixed>
          <choices>
            <choice><![CDATA[  True  ]]></choice>
            <choice><![CDATA[  False  ]]></choice>
          </choices>
          <width>0.0</width>
        </part>
      </parts>
    </question>
  </questions>

  <authors>

    <author uid="f0665a0c-fbe6-4a76-94f2-44bc0af7f07f" instanceUid="d686b894-131e-4a5f-80d4-508a091f9939" defaultSchool="0036431e-f8bc-47b0-91c8-2e9c94d10db0">
      <displayName><![CDATA[  Nihad Subasic  ]]></displayName>
    </author>
  </authors>

  <schools>

    <school uid="0036431e-f8bc-47b0-91c8-2e9c94d10db0">
      <name><![CDATA[  Kungliga Tekniska Högskolan  ]]></name>
    </school>
  </schools>
</courseModule>