<courseModule>

  <module>
    <name><![CDATA[  ML04UEIP04  ]]></name>
    <description><![CDATA[  Course Module  ]]></description>
    <uri><![CDATA[  9480d597-67ce-46fa-aade-b17e3fd87b7e  ]]></uri>
    <privacy>0</privacy>
    <autoModule>true</autoModule>
    <exportedFrom>d686b894-131e-4a5f-80d4-508a091f9939</exportedFrom>
  </module>

  <questions>

    <question uid="9480d597-67ce-46fa-aade-b17e3fd87b7e" modifiedBy="f0665a0c-fbe6-4a76-94f2-44bc0af7f07f" school="0036431e-f8bc-47b0-91c8-2e9c94d10db0" language="en">
      <mode>Inline</mode>
      <chainId><![CDATA[  0  ]]></chainId>
      <name><![CDATA[  ML04UEIP04  ]]></name>
      <editing>useHTML</editing>
      <numberOfAttempts>1</numberOfAttempts>
      <numberOfAttemptsLeft>1</numberOfAttemptsLeft>
      <numberOfTryAnother>0</numberOfTryAnother>
      <numberOfTryAnotherLeft>0</numberOfTryAnotherLeft>
      <privacy>10</privacy>
      <allowRepublish>false</allowRepublish>
      <attributeAuthor>true</attributeAuthor>
      <modifiedIn>18.2</modifiedIn>
      <difficulty>1.0</difficulty>
      <text><![CDATA[  <p>&nbsp;</p>

<p>&nbsp; <span class="HwtZe" jsaction="mouseup:Sxi9L,BR6jm; mousedown:qjlr0e" jsname="jqKxS" lang="en"><span class="jCAhz ChMk0b" jsaction="agoMJf:PFBcW;MZfLnc:P7O7bd;nt4Alf:pvnm0e,pfE8Hb,PFBcW;B01qod:dJXsye;H1e5u:iXtTIf;lYIUJf:hij5Wb;bmeZHc:iURhpf;Oxj3Xe:qAKMYb,yaf12d" jscontroller="Gn4SMb" jsname="txFAF"><span class="ryNqvb" jsaction="click:E6Tfl,GFf3ac,tMZCfe; contextmenu:Nqw7Te,QP7LD; mouseout:Nqw7Te; mouseover:E6Tfl,c2aHje" jsname="W297wb">Consider the picture below and fill in the missing words in the sentences.</span></span></span></p>

<p>&nbsp;<img alt="" src="__BASE_URI__ML04UEIP04Quest.png" style="width: 400px; height: 237px;"></p>

<p>&nbsp;</p>

<p>&nbsp;a) Low model complexity means high <1><span>&nbsp;</span>.</p>

<p>&nbsp;b) The more complicated the model is, the more it adapts to (noise in) the training data, and the higher the <2><span>&nbsp;</span>.<br>
&nbsp;c) The irreducible error is <3><span>&nbsp;</span> of the particular choice of mode and is therefore constant.</p>

<p>&nbsp;d) A high model complexity means low <4><span>&nbsp;</span> and high <5><span>&nbsp;</span>.</p>

<p>&nbsp;e) A low model complexity means <6><span>&nbsp;</span> bias and <7><span>&nbsp;</span> variance.<br type="_moz">
&nbsp;</p>  ]]></text>
      <width>0.0</width>
      <weighting>1,1,1,1,1,1,1</weighting>
      <numbering>alpha</numbering>

      <parts>

        <part>
          <mode>List</mode>
          <name><![CDATA[  responseNaN  ]]></name>
          <comment><![CDATA[  <p>&nbsp; - Low model complexity means high bias.</p>  ]]></comment>
          <editing>useHTML</editing>
          <numberOfAttempts>1</numberOfAttempts>
          <numberOfAttemptsLeft>1</numberOfAttemptsLeft>
          <numberOfTryAnother>0</numberOfTryAnother>
          <numberOfTryAnotherLeft>0</numberOfTryAnotherLeft>
          <allowRepublish>false</allowRepublish>
          <attributeAuthor>false</attributeAuthor>
          <difficulty>0.0</difficulty>
          <text><![CDATA[    ]]></text>
          <display>text</display>
          <width>0.0</width>
          <grader>relaxed</grader>
          <answers>
            <answer><![CDATA[  bias  ]]></answer>
          </answers>
          <credits>
            <credit>1.0</credit>
          </credits>
        </part>

        <part>
          <mode>List</mode>
          <name><![CDATA[  responseNaN  ]]></name>
          <comment><![CDATA[  <p>&nbsp;</p>

<p>&nbsp;- The more complicated the model is, the more it adapts to (noise in) the training data, and the higher the variance.</p>  ]]></comment>
          <editing>useHTML</editing>
          <numberOfAttempts>1</numberOfAttempts>
          <numberOfAttemptsLeft>1</numberOfAttemptsLeft>
          <numberOfTryAnother>0</numberOfTryAnother>
          <numberOfTryAnotherLeft>0</numberOfTryAnotherLeft>
          <allowRepublish>false</allowRepublish>
          <attributeAuthor>false</attributeAuthor>
          <difficulty>0.0</difficulty>
          <text><![CDATA[    ]]></text>
          <display>text</display>
          <width>0.0</width>
          <grader>relaxed</grader>
          <answers>
            <answer><![CDATA[  variance  ]]></answer>
          </answers>
          <credits>
            <credit>1.0</credit>
          </credits>
        </part>

        <part>
          <mode>List</mode>
          <name><![CDATA[  responseNaN  ]]></name>
          <comment><![CDATA[  <p>&nbsp;</p>

<p>&nbsp;- The irreducible error is independent of the particular choice of mode and is therefore constant.<br type="_moz" />
&nbsp;</p>  ]]></comment>
          <editing>useHTML</editing>
          <numberOfAttempts>1</numberOfAttempts>
          <numberOfAttemptsLeft>1</numberOfAttemptsLeft>
          <numberOfTryAnother>0</numberOfTryAnother>
          <numberOfTryAnotherLeft>0</numberOfTryAnotherLeft>
          <allowRepublish>false</allowRepublish>
          <attributeAuthor>false</attributeAuthor>
          <difficulty>0.0</difficulty>
          <text><![CDATA[    ]]></text>
          <display>text</display>
          <width>0.0</width>
          <grader>relaxed</grader>
          <answers>
            <answer><![CDATA[  independent  ]]></answer>
          </answers>
          <credits>
            <credit>1.0</credit>
          </credits>
        </part>

        <part>
          <mode>List</mode>
          <name><![CDATA[  responseNaN  ]]></name>
          <comment><![CDATA[  <p>&nbsp;</p>

<p>&nbsp;- A high model complexity means low bias and high variance.<br />
&nbsp;- A low model complexity means high bias and low variance.</p>  ]]></comment>
          <editing>useHTML</editing>
          <numberOfAttempts>1</numberOfAttempts>
          <numberOfAttemptsLeft>1</numberOfAttemptsLeft>
          <numberOfTryAnother>0</numberOfTryAnother>
          <numberOfTryAnotherLeft>0</numberOfTryAnotherLeft>
          <allowRepublish>false</allowRepublish>
          <attributeAuthor>false</attributeAuthor>
          <difficulty>0.0</difficulty>
          <text><![CDATA[    ]]></text>
          <display>text</display>
          <width>0.0</width>
          <grader>relaxed</grader>
          <answers>
            <answer><![CDATA[  bias  ]]></answer>
          </answers>
          <credits>
            <credit>1.0</credit>
          </credits>
        </part>

        <part>
          <mode>List</mode>
          <name><![CDATA[  responseNaN  ]]></name>
          <comment><![CDATA[  <p>&nbsp;</p>

<p>&nbsp;- A high model complexity means low bias and high variance.<br />
&nbsp;- A low model complexity means high bias and low variance.</p>  ]]></comment>
          <editing>useHTML</editing>
          <numberOfAttempts>1</numberOfAttempts>
          <numberOfAttemptsLeft>1</numberOfAttemptsLeft>
          <numberOfTryAnother>0</numberOfTryAnother>
          <numberOfTryAnotherLeft>0</numberOfTryAnotherLeft>
          <allowRepublish>false</allowRepublish>
          <attributeAuthor>false</attributeAuthor>
          <difficulty>0.0</difficulty>
          <text><![CDATA[    ]]></text>
          <display>text</display>
          <width>0.0</width>
          <grader>relaxed</grader>
          <answers>
            <answer><![CDATA[  variance  ]]></answer>
          </answers>
          <credits>
            <credit>1.0</credit>
          </credits>
        </part>

        <part>
          <mode>List</mode>
          <name><![CDATA[  responseNaN  ]]></name>
          <comment><![CDATA[  <p>&nbsp;</p>

<p>&nbsp;- A high model complexity means low bias and high variance.<br />
&nbsp;- A low model complexity means high bias and low variance.</p>  ]]></comment>
          <editing>useHTML</editing>
          <numberOfAttempts>1</numberOfAttempts>
          <numberOfAttemptsLeft>1</numberOfAttemptsLeft>
          <numberOfTryAnother>0</numberOfTryAnother>
          <numberOfTryAnotherLeft>0</numberOfTryAnotherLeft>
          <allowRepublish>false</allowRepublish>
          <attributeAuthor>false</attributeAuthor>
          <difficulty>0.0</difficulty>
          <text><![CDATA[    ]]></text>
          <display>text</display>
          <width>0.0</width>
          <grader>relaxed</grader>
          <answers>
            <answer><![CDATA[  high  ]]></answer>
          </answers>
          <credits>
            <credit>1.0</credit>
          </credits>
        </part>

        <part>
          <mode>List</mode>
          <name><![CDATA[  responseNaN  ]]></name>
          <comment><![CDATA[  <p>&nbsp;</p>

<p>&nbsp;- A high model complexity means low bias and high variance.<br />
&nbsp;- A low model complexity means high bias and low variance.</p>  ]]></comment>
          <editing>useHTML</editing>
          <numberOfAttempts>1</numberOfAttempts>
          <numberOfAttemptsLeft>1</numberOfAttemptsLeft>
          <numberOfTryAnother>0</numberOfTryAnother>
          <numberOfTryAnotherLeft>0</numberOfTryAnotherLeft>
          <allowRepublish>false</allowRepublish>
          <attributeAuthor>false</attributeAuthor>
          <difficulty>0.0</difficulty>
          <text><![CDATA[    ]]></text>
          <display>text</display>
          <width>0.0</width>
          <grader>relaxed</grader>
          <answers>
            <answer><![CDATA[  low  ]]></answer>
          </answers>
          <credits>
            <credit>1.0</credit>
          </credits>
        </part>
      </parts>

      <authorNotes><![CDATA[  <p>&nbsp;</p>

<p>&nbsp;This question is based on Figure 4.8 and the text from page 81:</p>

<p>MACHINE LEARNING<br />
A First Course for Engineers and Scientists<br />
Andreas Lindholm, Niklas Wahlstr&ouml;m,<br />
Fredrik Lindsten, Thomas B. Sch&ouml;n<br />
This version: July 8, 2022</p>  ]]></authorNotes>

    </question>

  </questions>

  <authors>

    <author uid="f0665a0c-fbe6-4a76-94f2-44bc0af7f07f" instanceUid="d686b894-131e-4a5f-80d4-508a091f9939" defaultSchool="0036431e-f8bc-47b0-91c8-2e9c94d10db0">
      <displayName><![CDATA[  Nihad Subasic  ]]></displayName>
    </author>
  </authors>

  <schools>

    <school uid="0036431e-f8bc-47b0-91c8-2e9c94d10db0">
      <name><![CDATA[  Kungliga Tekniska Högskolan  ]]></name>
    </school>
  </schools>

  <webResources>

    <folder id="0">
      <name><![CDATA[  web_folders  ]]></name>
      <description><![CDATA[    ]]></description>
      <uri><![CDATA[  web_folders  ]]></uri>
    </folder>
  </webResources>
</courseModule>