<courseModule>

  <module>
    <name><![CDATA[  ML03BPM06  ]]></name>
    <description><![CDATA[  Course Module  ]]></description>
    <uri><![CDATA[  2f363989-5e72-41b2-bdbd-04c15a5a50fd  ]]></uri>
    <privacy>0</privacy>
    <autoModule>true</autoModule>
    <exportedFrom>d686b894-131e-4a5f-80d4-508a091f9939</exportedFrom>
  </module>

  <questions>

    <question uid="2f363989-5e72-41b2-bdbd-04c15a5a50fd" modifiedBy="f0665a0c-fbe6-4a76-94f2-44bc0af7f07f" school="0036431e-f8bc-47b0-91c8-2e9c94d10db0" language="en">
      <mode>Inline</mode>
      <chainId><![CDATA[  0  ]]></chainId>
      <name><![CDATA[  ML03BPM06  ]]></name>
      <editing>useHTML</editing>
      <numberOfAttempts>1</numberOfAttempts>
      <numberOfAttemptsLeft>1</numberOfAttemptsLeft>
      <numberOfTryAnother>0</numberOfTryAnother>
      <numberOfTryAnotherLeft>0</numberOfTryAnotherLeft>
      <privacy>10</privacy>
      <allowRepublish>false</allowRepublish>
      <attributeAuthor>true</attributeAuthor>
      <modifiedIn>18.2</modifiedIn>
      <difficulty>-1.0</difficulty>
      <text><![CDATA[  <p>&nbsp;</p>

<p>&nbsp;The figure below shows a part of a&nbsp;function.</p>

<p>&nbsp;<img alt="" src="__BASE_URI__logisticFun.png" style="width: 500px; height: 266px;"></p>

<p>&nbsp;</p>

<p>&nbsp; &nbsp;a) The&nbsp; name of the function&nbsp;is <1><span>&nbsp;</span>&nbsp;function.&nbsp;</p>

<table border="0" cellpadding="0" cellspacing="0" style="width:600px;">
	<tbody>
		<tr>
			<td>&nbsp;&nbsp;b) The function's domain is from&nbsp;</td>
			<td>&nbsp;
			<p>&nbsp;</p>

			<2>

			<p>&nbsp;</p>
			</td>
			<td>&nbsp; &nbsp;to&nbsp;&nbsp;</td>
			<td>&nbsp;&nbsp;
			<3>

			<p>&nbsp;</p>
			</td>
		</tr>
	</tbody>
</table>

<p>&nbsp;</p>

<table border="0" cellpadding="0" cellspacing="0" style="width:600px;">
	<tbody>
		<tr>
			<td>&nbsp; c)&nbsp; The function's range is from&nbsp;</td>
			<td>&nbsp;
			<4>

			<p>&nbsp;</p>
			</td>
			<td>&nbsp; to&nbsp;&nbsp;</td>
			<td>&nbsp;
			<5>

			<p>&nbsp;</p>
			</td>
		</tr>
	</tbody>
</table>

<p>&nbsp;</p>  ]]></text>
      <width>0.0</width>
      <weighting>1,1,1,1,1</weighting>
      <numbering>alpha</numbering>

      <parts>

        <part>
          <mode>List</mode>
          <name><![CDATA[  responseNaN  ]]></name>
          <editing>useHTML</editing>
          <numberOfAttempts>1</numberOfAttempts>
          <numberOfAttemptsLeft>1</numberOfAttemptsLeft>
          <numberOfTryAnother>0</numberOfTryAnother>
          <numberOfTryAnotherLeft>0</numberOfTryAnotherLeft>
          <allowRepublish>false</allowRepublish>
          <attributeAuthor>false</attributeAuthor>
          <difficulty>0.0</difficulty>
          <text><![CDATA[    ]]></text>
          <display>text</display>
          <width>0.0</width>
          <grader>relaxed</grader>
          <answers>
            <answer><![CDATA[  logistic  ]]></answer>
          </answers>
          <credits>
            <credit>1.0</credit>
          </credits>
        </part>

        <part>
          <mode>Multiple Choice</mode>
          <name><![CDATA[  responseNaN  ]]></name>
          <editing>useHTML</editing>
          <numberOfAttempts>1</numberOfAttempts>
          <numberOfAttemptsLeft>1</numberOfAttemptsLeft>
          <numberOfTryAnother>0</numberOfTryAnother>
          <numberOfTryAnotherLeft>0</numberOfTryAnotherLeft>
          <allowRepublish>false</allowRepublish>
          <attributeAuthor>false</attributeAuthor>
          <difficulty>0.0</difficulty>
          <text><![CDATA[    ]]></text>
          <answer><![CDATA[  1  ]]></answer>
          <display>vertical</display>
          <fixed><![CDATA[    ]]></fixed>
          <choices>
            <choice><![CDATA[  <p>&nbsp;infinitely negative</p>  ]]></choice>
            <choice><![CDATA[  <p>&nbsp;infinitely positive</p>  ]]></choice>
            <choice><![CDATA[  <p>&nbsp;zero</p>  ]]></choice>
            <choice><![CDATA[  <p>&nbsp;one</p>  ]]></choice>
          </choices>
          <width>0.0</width>
        </part>

        <part>
          <mode>Multiple Choice</mode>
          <name><![CDATA[  responseNaN  ]]></name>
          <editing>useHTML</editing>
          <numberOfAttempts>1</numberOfAttempts>
          <numberOfAttemptsLeft>1</numberOfAttemptsLeft>
          <numberOfTryAnother>0</numberOfTryAnother>
          <numberOfTryAnotherLeft>0</numberOfTryAnotherLeft>
          <allowRepublish>false</allowRepublish>
          <attributeAuthor>false</attributeAuthor>
          <difficulty>0.0</difficulty>
          <text><![CDATA[    ]]></text>
          <answer><![CDATA[  2  ]]></answer>
          <display>vertical</display>
          <fixed><![CDATA[    ]]></fixed>
          <choices>
            <choice><![CDATA[  <p>&nbsp;infinitely negative.</p>  ]]></choice>
            <choice><![CDATA[  <p>&nbsp;infinitely positive.</p>  ]]></choice>
            <choice><![CDATA[  <p>&nbsp;zero.</p>  ]]></choice>
            <choice><![CDATA[  <p>&nbsp;one.</p>  ]]></choice>
          </choices>
          <width>0.0</width>
        </part>

        <part>
          <mode>Multiple Choice</mode>
          <name><![CDATA[  responseNaN  ]]></name>
          <editing>useHTML</editing>
          <numberOfAttempts>1</numberOfAttempts>
          <numberOfAttemptsLeft>1</numberOfAttemptsLeft>
          <numberOfTryAnother>0</numberOfTryAnother>
          <numberOfTryAnotherLeft>0</numberOfTryAnotherLeft>
          <allowRepublish>false</allowRepublish>
          <attributeAuthor>false</attributeAuthor>
          <difficulty>0.0</difficulty>
          <text><![CDATA[    ]]></text>
          <answer><![CDATA[  1  ]]></answer>
          <display>vertical</display>
          <fixed><![CDATA[    ]]></fixed>
          <choices>
            <choice><![CDATA[  <p>&nbsp;zero</p>  ]]></choice>
            <choice><![CDATA[  <p>&nbsp;one</p>  ]]></choice>
            <choice><![CDATA[  <p>&nbsp;infinitely negative</p>  ]]></choice>
            <choice><![CDATA[  <p>&nbsp;infinitely positive</p>  ]]></choice>
          </choices>
          <width>0.0</width>
        </part>

        <part>
          <mode>Multiple Choice</mode>
          <name><![CDATA[  responseNaN  ]]></name>
          <editing>useHTML</editing>
          <numberOfAttempts>1</numberOfAttempts>
          <numberOfAttemptsLeft>1</numberOfAttemptsLeft>
          <numberOfTryAnother>0</numberOfTryAnother>
          <numberOfTryAnotherLeft>0</numberOfTryAnotherLeft>
          <allowRepublish>false</allowRepublish>
          <attributeAuthor>false</attributeAuthor>
          <difficulty>0.0</difficulty>
          <text><![CDATA[    ]]></text>
          <answer><![CDATA[  4  ]]></answer>
          <display>vertical</display>
          <fixed><![CDATA[    ]]></fixed>
          <choices>
            <choice><![CDATA[  <p>&nbsp;infinitely negative.</p>  ]]></choice>
            <choice><![CDATA[  <p>&nbsp;infinitely positive.</p>  ]]></choice>
            <choice><![CDATA[  <p>&nbsp;zero.</p>  ]]></choice>
            <choice><![CDATA[  <p>&nbsp;one.</p>  ]]></choice>
          </choices>
          <width>0.0</width>
        </part>
      </parts>

      <authorNotes><![CDATA[  <p>&nbsp;</p>

<p>&nbsp;</p>

<p>&nbsp;This question is based on the Figure 3.4 The logistic function, page 47, book:</p>

<p>MACHINE LEARNING<br />
A First Course for Engineers and Scientists<br />
Andreas Lindholm, Niklas Wahlstr&ouml;m,<br />
Fredrik Lindsten, Thomas B. Sch&ouml;n<br />
This version: July 8, 2022</p>  ]]></authorNotes>

    </question>

  </questions>

  <authors>

    <author uid="f0665a0c-fbe6-4a76-94f2-44bc0af7f07f" instanceUid="d686b894-131e-4a5f-80d4-508a091f9939" defaultSchool="0036431e-f8bc-47b0-91c8-2e9c94d10db0">
      <displayName><![CDATA[  Nihad Subasic  ]]></displayName>
    </author>
  </authors>

  <schools>

    <school uid="0036431e-f8bc-47b0-91c8-2e9c94d10db0">
      <name><![CDATA[  Kungliga Tekniska Högskolan  ]]></name>
    </school>
  </schools>

  <webResources>

    <folder id="0">
      <name><![CDATA[  web_folders  ]]></name>
      <description><![CDATA[    ]]></description>
      <uri><![CDATA[  web_folders  ]]></uri>
    </folder>
  </webResources>
</courseModule>