<courseModule>

  <module>
    <name><![CDATA[  PYT_WS01_Q06  ]]></name>
    <description><![CDATA[  Course Module  ]]></description>
    <uri><![CDATA[  93797c87-048a-427f-8a7e-339dccd60a25  ]]></uri>
    <privacy>0</privacy>
    <autoModule>true</autoModule>
    <exportedFrom>d686b894-131e-4a5f-80d4-508a091f9939</exportedFrom>
  </module>

  <questions>

    <question uid="93797c87-048a-427f-8a7e-339dccd60a25" modifiedBy="f0665a0c-fbe6-4a76-94f2-44bc0af7f07f" school="0036431e-f8bc-47b0-91c8-2e9c94d10db0" language="en">
      <mode>Inline</mode>
      <chainId><![CDATA[  0  ]]></chainId>
      <name><![CDATA[  PYT_WS01_Q06  ]]></name>
      <editing>useHTML</editing>
      <numberOfAttempts>1</numberOfAttempts>
      <numberOfAttemptsLeft>1</numberOfAttemptsLeft>
      <numberOfTryAnother>0</numberOfTryAnother>
      <numberOfTryAnotherLeft>0</numberOfTryAnotherLeft>
      <privacy>10</privacy>
      <allowRepublish>false</allowRepublish>
      <attributeAuthor>true</attributeAuthor>
      <modifiedIn>18.2</modifiedIn>
      <difficulty>-1.0</difficulty>
      <text><![CDATA[  <p>&nbsp;</p>

<p>&nbsp;Consider the difference between dictionaries&nbsp;and sets in the Python programming language and evaluate the sentences below.</p>

<p>&nbsp;&nbsp;</p>

<table border="0" cellpadding="1" cellspacing="1" style="width:800px;">
	<tbody>
		<tr>
			<td>&nbsp;<1><span>&nbsp;</span>&nbsp;</td>
			<td>&nbsp;- Dictionaries are unordered collections of key-value pairs enclosed in curly braces {}.&nbsp;</td>
		</tr>
		<tr>
			<td>&nbsp;</td>
			<td>&nbsp;</td>
		</tr>
		<tr>
			<td>&nbsp;<2><span>&nbsp;</span></td>
			<td>&nbsp;- Sets are unordered collections of unique elements enclosed in curly braces {}.&nbsp;</td>
		</tr>
		<tr>
			<td>&nbsp;</td>
			<td>&nbsp;</td>
		</tr>
		<tr>
			<td>&nbsp;<3><span>&nbsp;</span></td>
			<td>&nbsp;- Each value of pairs in a dicionaly is associated with a unique key, allowing efficient retrieval of values.</td>
		</tr>
		<tr>
			<td>&nbsp;</td>
			<td>&nbsp;</td>
		</tr>
		<tr>
			<td>&nbsp;<4><span>&nbsp;</span></td>
			<td>&nbsp;- Sets are useful for tasks that involve checking membership or removing duplicates.&nbsp;</td>
		</tr>
		<tr>
			<td>&nbsp;</td>
			<td>&nbsp;</td>
		</tr>
		<tr>
			<td>&nbsp;<5><span>&nbsp;</span></td>
			<td>&nbsp;- An example of a dictionary is: {"name": "John", "age": 25}</td>
		</tr>
		<tr>
			<td>&nbsp;</td>
			<td>&nbsp;</td>
		</tr>
		<tr>
			<td>&nbsp;<6><span>&nbsp;</span></td>
			<td>&nbsp;- An exemple of a set is:&nbsp;{1, 2, 3}, {"apple", "banana", "cherry"}.</td>
		</tr>
	</tbody>
</table>

<p>&nbsp;</p>  ]]></text>
      <width>0.0</width>
      <weighting>1,1,1,1,1,1</weighting>
      <numbering>alpha</numbering>

      <parts>

        <part>
          <mode>True False</mode>
          <name><![CDATA[  responseNaN  ]]></name>
          <editing>useHTML</editing>
          <numberOfAttempts>1</numberOfAttempts>
          <numberOfAttemptsLeft>1</numberOfAttemptsLeft>
          <numberOfTryAnother>0</numberOfTryAnother>
          <numberOfTryAnotherLeft>0</numberOfTryAnotherLeft>
          <allowRepublish>false</allowRepublish>
          <attributeAuthor>false</attributeAuthor>
          <difficulty>0.0</difficulty>
          <text><![CDATA[    ]]></text>
          <answer><![CDATA[  1  ]]></answer>
          <fixed><![CDATA[    ]]></fixed>
          <choices>
            <choice><![CDATA[  True  ]]></choice>
            <choice><![CDATA[  False  ]]></choice>
          </choices>
          <width>0.0</width>
        </part>

        <part>
          <mode>True False</mode>
          <name><![CDATA[  responseNaN  ]]></name>
          <editing>useHTML</editing>
          <numberOfAttempts>1</numberOfAttempts>
          <numberOfAttemptsLeft>1</numberOfAttemptsLeft>
          <numberOfTryAnother>0</numberOfTryAnother>
          <numberOfTryAnotherLeft>0</numberOfTryAnotherLeft>
          <allowRepublish>false</allowRepublish>
          <attributeAuthor>false</attributeAuthor>
          <difficulty>0.0</difficulty>
          <text><![CDATA[    ]]></text>
          <answer><![CDATA[  1  ]]></answer>
          <fixed><![CDATA[    ]]></fixed>
          <choices>
            <choice><![CDATA[  True  ]]></choice>
            <choice><![CDATA[  False  ]]></choice>
          </choices>
          <width>0.0</width>
        </part>

        <part>
          <mode>True False</mode>
          <name><![CDATA[  responseNaN  ]]></name>
          <editing>useHTML</editing>
          <numberOfAttempts>1</numberOfAttempts>
          <numberOfAttemptsLeft>1</numberOfAttemptsLeft>
          <numberOfTryAnother>0</numberOfTryAnother>
          <numberOfTryAnotherLeft>0</numberOfTryAnotherLeft>
          <allowRepublish>false</allowRepublish>
          <attributeAuthor>false</attributeAuthor>
          <difficulty>0.0</difficulty>
          <text><![CDATA[    ]]></text>
          <answer><![CDATA[  1  ]]></answer>
          <fixed><![CDATA[    ]]></fixed>
          <choices>
            <choice><![CDATA[  True  ]]></choice>
            <choice><![CDATA[  False  ]]></choice>
          </choices>
          <width>0.0</width>
        </part>

        <part>
          <mode>True False</mode>
          <name><![CDATA[  responseNaN  ]]></name>
          <editing>useHTML</editing>
          <numberOfAttempts>1</numberOfAttempts>
          <numberOfAttemptsLeft>1</numberOfAttemptsLeft>
          <numberOfTryAnother>0</numberOfTryAnother>
          <numberOfTryAnotherLeft>0</numberOfTryAnotherLeft>
          <allowRepublish>false</allowRepublish>
          <attributeAuthor>false</attributeAuthor>
          <difficulty>0.0</difficulty>
          <text><![CDATA[    ]]></text>
          <answer><![CDATA[  1  ]]></answer>
          <fixed><![CDATA[    ]]></fixed>
          <choices>
            <choice><![CDATA[  True  ]]></choice>
            <choice><![CDATA[  False  ]]></choice>
          </choices>
          <width>0.0</width>
        </part>

        <part>
          <mode>True False</mode>
          <name><![CDATA[  responseNaN  ]]></name>
          <editing>useHTML</editing>
          <numberOfAttempts>1</numberOfAttempts>
          <numberOfAttemptsLeft>1</numberOfAttemptsLeft>
          <numberOfTryAnother>0</numberOfTryAnother>
          <numberOfTryAnotherLeft>0</numberOfTryAnotherLeft>
          <allowRepublish>false</allowRepublish>
          <attributeAuthor>false</attributeAuthor>
          <difficulty>0.0</difficulty>
          <text><![CDATA[    ]]></text>
          <answer><![CDATA[  1  ]]></answer>
          <fixed><![CDATA[    ]]></fixed>
          <choices>
            <choice><![CDATA[  True  ]]></choice>
            <choice><![CDATA[  False  ]]></choice>
          </choices>
          <width>0.0</width>
        </part>

        <part>
          <mode>True False</mode>
          <name><![CDATA[  responseNaN  ]]></name>
          <editing>useHTML</editing>
          <numberOfAttempts>1</numberOfAttempts>
          <numberOfAttemptsLeft>1</numberOfAttemptsLeft>
          <numberOfTryAnother>0</numberOfTryAnother>
          <numberOfTryAnotherLeft>0</numberOfTryAnotherLeft>
          <allowRepublish>false</allowRepublish>
          <attributeAuthor>false</attributeAuthor>
          <difficulty>0.0</difficulty>
          <text><![CDATA[    ]]></text>
          <answer><![CDATA[  1  ]]></answer>
          <fixed><![CDATA[    ]]></fixed>
          <choices>
            <choice><![CDATA[  True  ]]></choice>
            <choice><![CDATA[  False  ]]></choice>
          </choices>
          <width>0.0</width>
        </part>
      </parts>
    </question>
  </questions>

  <authors>

    <author uid="f0665a0c-fbe6-4a76-94f2-44bc0af7f07f" instanceUid="d686b894-131e-4a5f-80d4-508a091f9939" defaultSchool="0036431e-f8bc-47b0-91c8-2e9c94d10db0">
      <displayName><![CDATA[  Nihad Subasic  ]]></displayName>
    </author>
  </authors>

  <schools>

    <school uid="0036431e-f8bc-47b0-91c8-2e9c94d10db0">
      <name><![CDATA[  Kungliga Tekniska Högskolan  ]]></name>
    </school>
  </schools>
</courseModule>