<courseModule>

  <module>
    <name><![CDATA[  ML03BPM04  ]]></name>
    <description><![CDATA[  Course Module  ]]></description>
    <uri><![CDATA[  7e640362-d71f-412e-bebd-cdf4c6d688a7  ]]></uri>
    <privacy>0</privacy>
    <autoModule>true</autoModule>
    <exportedFrom>d686b894-131e-4a5f-80d4-508a091f9939</exportedFrom>
  </module>

  <questions>

    <question uid="7e640362-d71f-412e-bebd-cdf4c6d688a7" modifiedBy="f0665a0c-fbe6-4a76-94f2-44bc0af7f07f" school="0036431e-f8bc-47b0-91c8-2e9c94d10db0" language="en">
      <mode>Inline</mode>
      <chainId><![CDATA[  0  ]]></chainId>
      <name><![CDATA[  ML03BPM04  ]]></name>
      <editing>useHTML</editing>
      <numberOfAttempts>1</numberOfAttempts>
      <numberOfAttemptsLeft>1</numberOfAttemptsLeft>
      <numberOfTryAnother>0</numberOfTryAnother>
      <numberOfTryAnotherLeft>0</numberOfTryAnotherLeft>
      <privacy>10</privacy>
      <allowRepublish>false</allowRepublish>
      <attributeAuthor>true</attributeAuthor>
      <modifiedIn>18.2</modifiedIn>
      <difficulty>-1.0</difficulty>
      <text><![CDATA[  <p>&nbsp;</p>

<p>&nbsp;The linear regression model is based on input data.</p>

<p>&nbsp;</p>

<p>&nbsp;<img alt="" src="__BASE_URI__LinRegModGraf.png" style="width: 400px; height: 220px;"></p>

<p>&nbsp;The future prediction of test data will be close to the linear regression model.</p>

<p>&nbsp;There are two functions which describe deviations of the predictions.&nbsp;</p>

<p>&nbsp;a)&nbsp;<1><span>&nbsp;</span>&nbsp;function&nbsp;measures how close the model’s prediction&nbsp;<math xmlns="http://www.w3.org/1998/Math/MathML"><mrow><mover><mrow><mi mathvariant="italic">y</mi></mrow><mrow><mi mathvariant="italic">^</mi></mrow></mover></mrow></math> b𝑦 is to the observed data <math xmlns="http://www.w3.org/1998/Math/MathML"><mrow><mi mathvariant="italic">y</mi></mrow></math>.&nbsp;</p>

<p>&nbsp;b)&nbsp;<2><span>&nbsp;</span>&nbsp;function is based on the chosen loss function, and defined as the average loss over the training data.</p>

<p>&nbsp;</p>  ]]></text>
      <width>0.0</width>
      <weighting>1,1</weighting>
      <numbering>alpha</numbering>

      <parts>

        <part>
          <mode>List</mode>
          <name><![CDATA[  responseNaN  ]]></name>
          <comment><![CDATA[  <p>&nbsp;<img alt="" src="__BASE_URI__LossCostFion.PNG" style="width: 200px; height: 90px;" /></p>  ]]></comment>
          <editing>useHTML</editing>
          <numberOfAttempts>1</numberOfAttempts>
          <numberOfAttemptsLeft>1</numberOfAttemptsLeft>
          <numberOfTryAnother>0</numberOfTryAnother>
          <numberOfTryAnotherLeft>0</numberOfTryAnotherLeft>
          <allowRepublish>false</allowRepublish>
          <attributeAuthor>false</attributeAuthor>
          <difficulty>0.0</difficulty>
          <text><![CDATA[    ]]></text>
          <display>text</display>
          <width>0.0</width>
          <grader>relaxed</grader>
          <answers>
            <answer><![CDATA[  Loss  ]]></answer>
          </answers>
          <credits>
            <credit>1.0</credit>
          </credits>
        </part>

        <part>
          <mode>List</mode>
          <name><![CDATA[  responseNaN  ]]></name>
          <comment><![CDATA[  <p><img alt="" src="__BASE_URI__LossCostFion.PNG" style="width: 200px; height: 90px;" /></p>  ]]></comment>
          <editing>useHTML</editing>
          <numberOfAttempts>1</numberOfAttempts>
          <numberOfAttemptsLeft>1</numberOfAttemptsLeft>
          <numberOfTryAnother>0</numberOfTryAnother>
          <numberOfTryAnotherLeft>0</numberOfTryAnotherLeft>
          <allowRepublish>false</allowRepublish>
          <attributeAuthor>false</attributeAuthor>
          <difficulty>0.0</difficulty>
          <text><![CDATA[    ]]></text>
          <display>text</display>
          <width>0.0</width>
          <grader>relaxed</grader>
          <answers>
            <answer><![CDATA[  Cost  ]]></answer>
          </answers>
          <credits>
            <credit>1.0</credit>
          </credits>
        </part>
      </parts>

      <authorNotes><![CDATA[  <p><br />
&nbsp;This question is based on the text on page 41 from the book:&nbsp;</p>

<p>MACHINE LEARNING<br />
A First Course for Engineers and Scientists<br />
Andreas Lindholm, Niklas Wahlstr&ouml;m,<br />
Fredrik Lindsten, Thomas B. Sch&ouml;n<br />
This version: July 8, 2022</p>  ]]></authorNotes>

    </question>

  </questions>

  <authors>

    <author uid="f0665a0c-fbe6-4a76-94f2-44bc0af7f07f" instanceUid="d686b894-131e-4a5f-80d4-508a091f9939" defaultSchool="0036431e-f8bc-47b0-91c8-2e9c94d10db0">
      <displayName><![CDATA[  Nihad Subasic  ]]></displayName>
    </author>
  </authors>

  <schools>

    <school uid="0036431e-f8bc-47b0-91c8-2e9c94d10db0">
      <name><![CDATA[  Kungliga Tekniska Högskolan  ]]></name>
    </school>
  </schools>

  <webResources>

    <folder id="0">
      <name><![CDATA[  web_folders  ]]></name>
      <description><![CDATA[    ]]></description>
      <uri><![CDATA[  web_folders  ]]></uri>
    </folder>
  </webResources>
</courseModule>