<courseModule>

  <module>
    <name><![CDATA[  ML04UEIP02  ]]></name>
    <description><![CDATA[  Course Module  ]]></description>
    <uri><![CDATA[  ef5de829-c040-41de-8c01-7eeee2f311a2  ]]></uri>
    <privacy>0</privacy>
    <autoModule>true</autoModule>
    <exportedFrom>d686b894-131e-4a5f-80d4-508a091f9939</exportedFrom>
  </module>

  <questions>

    <question uid="ef5de829-c040-41de-8c01-7eeee2f311a2" modifiedBy="f0665a0c-fbe6-4a76-94f2-44bc0af7f07f" school="0036431e-f8bc-47b0-91c8-2e9c94d10db0" language="en">
      <mode>Inline</mode>
      <chainId><![CDATA[  0  ]]></chainId>
      <name><![CDATA[  ML04UEIP02  ]]></name>
      <editing>useHTML</editing>
      <numberOfAttempts>1</numberOfAttempts>
      <numberOfAttemptsLeft>1</numberOfAttemptsLeft>
      <numberOfTryAnother>0</numberOfTryAnother>
      <numberOfTryAnotherLeft>0</numberOfTryAnotherLeft>
      <privacy>10</privacy>
      <allowRepublish>false</allowRepublish>
      <attributeAuthor>true</attributeAuthor>
      <modifiedIn>18.2</modifiedIn>
      <difficulty>0.0</difficulty>
      <text><![CDATA[  <p>&nbsp;</p>

<p>&nbsp;Figure below shows k-fold cross-validation.&nbsp;</p>

<p>&nbsp;<img alt="" src="__BASE_URI__K_FoldCrosValidation.png" style="width: 400px; height: 300px;"></p>

<p>&nbsp;Determine the order of the following operations:</p>

<p>&nbsp;(NB: Drag the green rectangles with the mouse.)</p>

<p>&nbsp;<1><span>&nbsp;</span></p>  ]]></text>
      <width>0.0</width>
      <weighting>1</weighting>
      <numbering>alpha</numbering>

      <parts>

        <part>
          <mode>Sorting</mode>
          <name><![CDATA[  responseNaN  ]]></name>
          <editing>useHTML</editing>
          <numberOfAttempts>1</numberOfAttempts>
          <numberOfAttemptsLeft>1</numberOfAttemptsLeft>
          <numberOfTryAnother>0</numberOfTryAnother>
          <numberOfTryAnotherLeft>0</numberOfTryAnotherLeft>
          <allowRepublish>false</allowRepublish>
          <attributeAuthor>false</attributeAuthor>
          <difficulty>0.0</difficulty>
          <answer><![CDATA[    ]]></answer>
          <width>0.0</width>
          <bgcolor>#b5fc31</bgcolor>
          <gradingCode><![CDATA[    ]]></gradingCode>
          <questionHtml><![CDATA[  <ul><li><p>&nbsp;- split the dataset into 𝑘 batches of</p>

<p>&nbsp; &nbsp;similar size&nbsp;and let ℓ = 1;</p>
</li><li><p>&nbsp;-&nbsp;take batch ℓ as the hold-out validation data and</p>

<p>&nbsp; &nbsp;the remaining batches as&nbsp;training data;</p>
</li><li><p>&nbsp;-&nbsp;train the model on the training data, and compute 𝐸&sup1;ℓ&ordm; hold-out as the</p>

<p>&nbsp; &nbsp;average error&nbsp;on the hold-out validation data;</p>
</li><li><p>&nbsp;-&nbsp;if ℓ < <em>k</em>, set ℓ <---&nbsp; ℓ+1 and return to the second step.</p>

<p>&nbsp;- If ℓ = 𝑘, compute the 𝑘-fold&nbsp;cross-validation error</p>

<p>&nbsp; &nbsp;&nbsp;<img alt="" src="__BASE_URI__crosValidationError.png" style="width: 200px; height: 79px;" /></p>

<p>&nbsp;</p>
</li><li><p>&nbsp;-&nbsp;train the model again, this time</p>

<p>&nbsp; &nbsp;using the entire dataset.</p>
</li></ul>  ]]></questionHtml>
        </part>
      </parts>

      <authorNotes><![CDATA[  <p>&nbsp;</p>

<p>&nbsp;This question is based on Figure 4.2, page 69 from the book:&nbsp;</p>

<p><br />
MACHINE LEARNING<br />
A First Course for Engineers and Scientists<br />
Andreas Lindholm, Niklas Wahlstr&ouml;m,<br />
Fredrik Lindsten, Thomas B. Sch&ouml;n<br />
This version: July 8, 2022</p>  ]]></authorNotes>

    </question>

  </questions>

  <authors>

    <author uid="f0665a0c-fbe6-4a76-94f2-44bc0af7f07f" instanceUid="d686b894-131e-4a5f-80d4-508a091f9939" defaultSchool="0036431e-f8bc-47b0-91c8-2e9c94d10db0">
      <displayName><![CDATA[  Nihad Subasic  ]]></displayName>
    </author>
  </authors>

  <schools>

    <school uid="0036431e-f8bc-47b0-91c8-2e9c94d10db0">
      <name><![CDATA[  Kungliga Tekniska Högskolan  ]]></name>
    </school>
  </schools>

  <webResources>

    <folder id="0">
      <name><![CDATA[  web_folders  ]]></name>
      <description><![CDATA[    ]]></description>
      <uri><![CDATA[  web_folders  ]]></uri>
    </folder>
  </webResources>
</courseModule>