<courseModule>

  <module>
    <name><![CDATA[  ML02SL04  ]]></name>
    <description><![CDATA[  Course Module  ]]></description>
    <uri><![CDATA[  5d7b8c8b-c8a6-4b11-9cd2-5cb2f5c2aab3  ]]></uri>
    <privacy>0</privacy>
    <autoModule>true</autoModule>
    <exportedFrom>d686b894-131e-4a5f-80d4-508a091f9939</exportedFrom>
  </module>

  <questions>

    <question uid="5d7b8c8b-c8a6-4b11-9cd2-5cb2f5c2aab3" modifiedBy="f0665a0c-fbe6-4a76-94f2-44bc0af7f07f" school="0036431e-f8bc-47b0-91c8-2e9c94d10db0" language="en">
      <mode>Inline</mode>
      <chainId><![CDATA[  0  ]]></chainId>
      <name><![CDATA[  ML02SL04  ]]></name>
      <editing>useHTML</editing>
      <numberOfAttempts>1</numberOfAttempts>
      <numberOfAttemptsLeft>1</numberOfAttemptsLeft>
      <numberOfTryAnother>0</numberOfTryAnother>
      <numberOfTryAnotherLeft>0</numberOfTryAnotherLeft>
      <privacy>10</privacy>
      <allowRepublish>false</allowRepublish>
      <attributeAuthor>true</attributeAuthor>
      <modifiedIn>18.2</modifiedIn>
      <difficulty>-1.0</difficulty>
      <text><![CDATA[  <p>&nbsp;</p>

<p>&nbsp;Complete the given sentence:</p>

<p>&nbsp;Most methods for supervised machine learning build on the intuition that if the test&nbsp;data point x★ is close to training data point x𝑖 , then ...</p>

<1>

<p>&nbsp;</p>  ]]></text>
      <width>0.0</width>
      <weighting>1</weighting>
      <numbering>alpha</numbering>

      <parts>

        <part>
          <mode>Multiple Choice</mode>
          <name><![CDATA[  responseNaN  ]]></name>
          <editing>useHTML</editing>
          <numberOfAttempts>1</numberOfAttempts>
          <numberOfAttemptsLeft>1</numberOfAttemptsLeft>
          <numberOfTryAnother>0</numberOfTryAnother>
          <numberOfTryAnotherLeft>0</numberOfTryAnotherLeft>
          <allowRepublish>false</allowRepublish>
          <attributeAuthor>false</attributeAuthor>
          <difficulty>0.0</difficulty>
          <text><![CDATA[    ]]></text>
          <answer><![CDATA[  1  ]]></answer>
          <display>vertical</display>
          <fixed><![CDATA[    ]]></fixed>
          <choices>
            <choice><![CDATA[  <p>&nbsp;...&nbsp;the prediction b𝑦&nbsp;<math xmlns="http://www.w3.org/1998/Math/MathML"><mrow><mover><mrow><mi mathvariant="italic">y</mi></mrow><mrow><mi mathvariant="italic">^</mi></mrow></mover><mfenced close=")" open="("><mrow><msub><mrow><mi mathvariant="italic">x</mi></mrow><mrow><mo>#</mo></mrow></msub></mrow></mfenced></mrow></math>&nbsp;&nbsp;should be close to <math xmlns="http://www.w3.org/1998/Math/MathML"><mrow><msub><mrow><mi mathvariant="italic">y</mi></mrow><mrow><mi mathvariant="italic">i</mi></mrow></msub><mo>.</mo></mrow></math></p>  ]]></choice>
            <choice><![CDATA[  <p>&nbsp;...&nbsp;the prediction b𝑦&nbsp;<math xmlns="http://www.w3.org/1998/Math/MathML"><mrow><mover><mrow><mi mathvariant="italic">y</mi></mrow><mrow><mi mathvariant="italic">^</mi></mrow></mover><mfenced close=")" open="("><mrow><msub><mrow><mi mathvariant="italic">x</mi></mrow><mrow><mo>#</mo></mrow></msub></mrow></mfenced></mrow></math>&nbsp;&nbsp;should be close to mean of the data.</p>  ]]></choice>
            <choice><![CDATA[  <p>&nbsp;...&nbsp;the prediction b𝑦&nbsp;<math xmlns="http://www.w3.org/1998/Math/MathML"><mrow><mover><mrow><mi mathvariant="italic">y</mi></mrow><mrow><mi mathvariant="italic">^</mi></mrow></mover><mfenced close=")" open="("><mrow><msub><mrow><mi mathvariant="italic">x</mi></mrow><mrow><mo>#</mo></mrow></msub></mrow></mfenced></mrow></math>&nbsp;&nbsp;should be close to the maximum point of the data.</p>  ]]></choice>
          </choices>
          <width>0.0</width>
        </part>
      </parts>

      <authorNotes><![CDATA[  <p><br />
&nbsp;This question is based on the text:&nbsp;</p>

<p>&quot;Most methods for supervised machine learning build on the intuition that if the test&nbsp;data point x★ is close to training data point x𝑖 , then the prediction b𝑦&sup1;x★&ordm; should be&nbsp;close to 𝑦𝑖 .&quot; (page 19)</p>

<p>MACHINE LEARNING<br />
A First Course for Engineers and Scientists<br />
Andreas Lindholm, Niklas Wahlstr&ouml;m,<br />
Fredrik Lindsten, Thomas B. Sch&ouml;n<br />
This version: July 8, 2022</p>  ]]></authorNotes>

    </question>

  </questions>

  <authors>

    <author uid="f0665a0c-fbe6-4a76-94f2-44bc0af7f07f" instanceUid="d686b894-131e-4a5f-80d4-508a091f9939" defaultSchool="0036431e-f8bc-47b0-91c8-2e9c94d10db0">
      <displayName><![CDATA[  Nihad Subasic  ]]></displayName>
    </author>
  </authors>

  <schools>

    <school uid="0036431e-f8bc-47b0-91c8-2e9c94d10db0">
      <name><![CDATA[  Kungliga Tekniska Högskolan  ]]></name>
    </school>
  </schools>
</courseModule>