<courseModule>

  <module>
    <name><![CDATA[  PYT_WS01_Q04  ]]></name>
    <description><![CDATA[  Course Module  ]]></description>
    <uri><![CDATA[  b05462df-6b30-484a-a072-ed42491af6c7  ]]></uri>
    <privacy>0</privacy>
    <autoModule>true</autoModule>
    <exportedFrom>d686b894-131e-4a5f-80d4-508a091f9939</exportedFrom>
  </module>

  <questions>

    <question uid="b05462df-6b30-484a-a072-ed42491af6c7" modifiedBy="f0665a0c-fbe6-4a76-94f2-44bc0af7f07f" school="0036431e-f8bc-47b0-91c8-2e9c94d10db0" language="en">
      <mode>Inline</mode>
      <chainId><![CDATA[  0  ]]></chainId>
      <name><![CDATA[  PYT_WS01_Q04  ]]></name>
      <editing>useHTML</editing>
      <numberOfAttempts>1</numberOfAttempts>
      <numberOfAttemptsLeft>1</numberOfAttemptsLeft>
      <numberOfTryAnother>0</numberOfTryAnother>
      <numberOfTryAnotherLeft>0</numberOfTryAnotherLeft>
      <privacy>10</privacy>
      <allowRepublish>false</allowRepublish>
      <attributeAuthor>true</attributeAuthor>
      <modifiedIn>18.2</modifiedIn>
      <difficulty>-1.0</difficulty>
      <text><![CDATA[  <p>&nbsp;</p>

<p>&nbsp;Choose the correct statement/s about lists in the Python programming language.</p>

<p>&nbsp;</p>

<1>

<p>&nbsp;</p>  ]]></text>
      <width>0.0</width>
      <weighting>1</weighting>
      <numbering>alpha</numbering>

      <parts>

        <part>
          <mode>Multiple Selection</mode>
          <name><![CDATA[  responseNaN  ]]></name>
          <editing>useHTML</editing>
          <numberOfAttempts>1</numberOfAttempts>
          <numberOfAttemptsLeft>1</numberOfAttemptsLeft>
          <numberOfTryAnother>0</numberOfTryAnother>
          <numberOfTryAnotherLeft>0</numberOfTryAnotherLeft>
          <allowRepublish>false</allowRepublish>
          <attributeAuthor>false</attributeAuthor>
          <difficulty>0.0</difficulty>
          <text><![CDATA[    ]]></text>
          <answer><![CDATA[  1,2,3  ]]></answer>
          <display>vertical</display>
          <fixed><![CDATA[    ]]></fixed>
          <choices>
            <choice><![CDATA[  <p>&nbsp;Lists are ordered collections of items enclosed in square brackets [ ].</p>  ]]></choice>
            <choice><![CDATA[  <p>&nbsp;Lists can contain elements of different data types and are mutable, meaning their values can be changed.</p>  ]]></choice>
            <choice><![CDATA[  <p>&nbsp;These two exemples are correct written lists:&nbsp; [1, 2, 3],&nbsp;["apple", "banana", "cherry"].&nbsp;</p>  ]]></choice>
            <choice><![CDATA[  <p>&nbsp;These two exemples are correct written lists:&nbsp;(1, 2, 3),&nbsp;&nbsp;{"apple", "banana", "cherry"}.&nbsp;</p>  ]]></choice>
          </choices>
          <width>0.0</width>
        </part>
      </parts>
    </question>
  </questions>

  <authors>

    <author uid="f0665a0c-fbe6-4a76-94f2-44bc0af7f07f" instanceUid="d686b894-131e-4a5f-80d4-508a091f9939" defaultSchool="0036431e-f8bc-47b0-91c8-2e9c94d10db0">
      <displayName><![CDATA[  Nihad Subasic  ]]></displayName>
    </author>
  </authors>

  <schools>

    <school uid="0036431e-f8bc-47b0-91c8-2e9c94d10db0">
      <name><![CDATA[  Kungliga Tekniska Högskolan  ]]></name>
    </school>
  </schools>
</courseModule>