<courseModule>

  <module>
    <name><![CDATA[  PYT_WS01_Q01  ]]></name>
    <description><![CDATA[  Course Module  ]]></description>
    <uri><![CDATA[  705a91a0-c9ad-4cff-9182-d88e331b2f48  ]]></uri>
    <privacy>0</privacy>
    <autoModule>true</autoModule>
    <exportedFrom>d686b894-131e-4a5f-80d4-508a091f9939</exportedFrom>
  </module>

  <questions>

    <question uid="705a91a0-c9ad-4cff-9182-d88e331b2f48" modifiedBy="f0665a0c-fbe6-4a76-94f2-44bc0af7f07f" school="0036431e-f8bc-47b0-91c8-2e9c94d10db0" language="en">
      <mode>Inline</mode>
      <chainId><![CDATA[  0  ]]></chainId>
      <name><![CDATA[  PYT_WS01_Q01  ]]></name>
      <editing>useHTML</editing>
      <numberOfAttempts>1</numberOfAttempts>
      <numberOfAttemptsLeft>1</numberOfAttemptsLeft>
      <numberOfTryAnother>0</numberOfTryAnother>
      <numberOfTryAnotherLeft>0</numberOfTryAnotherLeft>
      <privacy>10</privacy>
      <allowRepublish>false</allowRepublish>
      <attributeAuthor>true</attributeAuthor>
      <modifiedIn>18.2</modifiedIn>
      <difficulty>-1.0</difficulty>
      <text><![CDATA[  <p>&nbsp;</p>

<p>&nbsp;The Zen of Python is a collection of 19 "guiding principles" for writing computer programs that influence the design of the&nbsp;Python programming language.&nbsp;</p>

<p>&nbsp;Some of these principles are given here.</p>

<p>&nbsp;Choose which is the better option and complete the following sentences:</p>

<p>&nbsp;</p>

<p>&nbsp;a)&nbsp;<1><span>&nbsp;</span><span>&nbsp;&nbsp;is better than ugly.</span></p>

<p><span>&nbsp;b)&nbsp;<2><span>&nbsp;</span> is better than implicit.</span></p>

<p><span>&nbsp;c)&nbsp;<3><span>&nbsp;</span> is better than complex.</span></p>

<p><span>&nbsp;d)&nbsp;<4><span>&nbsp;</span> is better than complicated.</span></p>

<p><span>&nbsp;e)&nbsp;</span><5><span>&nbsp;</span> is better than nested.</p>

<p>&nbsp;f)&nbsp;<6><span>&nbsp;</span> is better than never.</p>

<p><span>&nbsp;g)&nbsp;&nbsp;<7><span>&nbsp;</span>is better than dense.</span></p>

<p>&nbsp;h) <8><span>&nbsp;</span> is often better than right now.</p>

<p>&nbsp;</p>

<p>&nbsp;</p>  ]]></text>
      <width>0.0</width>
      <weighting>1,1,1,1,1,1,1,1</weighting>
      <numbering>alpha</numbering>

      <parts>

        <part>
          <mode>List</mode>
          <name><![CDATA[  responseNaN  ]]></name>
          <comment><![CDATA[  <p>&nbsp;</p>

<p>&nbsp; &nbsp;- Beautiful is better than ugly.</p>  ]]></comment>
          <editing>useHTML</editing>
          <numberOfAttempts>1</numberOfAttempts>
          <numberOfAttemptsLeft>1</numberOfAttemptsLeft>
          <numberOfTryAnother>0</numberOfTryAnother>
          <numberOfTryAnotherLeft>0</numberOfTryAnotherLeft>
          <allowRepublish>false</allowRepublish>
          <attributeAuthor>false</attributeAuthor>
          <difficulty>0.0</difficulty>
          <text><![CDATA[    ]]></text>
          <display permute="true">menu</display>
          <width>0.0</width>
          <grader>exact</grader>
          <answers>
            <answer><![CDATA[  Beautiful  ]]></answer>
            <answer><![CDATA[  Practical code  ]]></answer>
            <answer><![CDATA[  Copied code  ]]></answer>
          </answers>
          <credits>
            <credit>1.0</credit>
            <credit>0.0</credit>
            <credit>0.0</credit>
          </credits>
        </part>

        <part>
          <mode>List</mode>
          <name><![CDATA[  responseNaN  ]]></name>
          <comment><![CDATA[  <p>&nbsp;</p>

<p>&nbsp; &nbsp;- Explicit is better than implicit.<br />
&nbsp;</p>  ]]></comment>
          <editing>useHTML</editing>
          <numberOfAttempts>1</numberOfAttempts>
          <numberOfAttemptsLeft>1</numberOfAttemptsLeft>
          <numberOfTryAnother>0</numberOfTryAnother>
          <numberOfTryAnotherLeft>0</numberOfTryAnotherLeft>
          <allowRepublish>false</allowRepublish>
          <attributeAuthor>false</attributeAuthor>
          <difficulty>0.0</difficulty>
          <text><![CDATA[    ]]></text>
          <display>text</display>
          <width>0.0</width>
          <grader>exact</grader>
          <answers>
            <answer><![CDATA[  Explicit  ]]></answer>
          </answers>
          <credits>
            <credit>1.0</credit>
          </credits>
        </part>

        <part>
          <mode>List</mode>
          <name><![CDATA[  responseNaN  ]]></name>
          <comment><![CDATA[  <p>&nbsp;</p>

<p>&nbsp; &nbsp;- Simple is better than complex.<br />
&nbsp;</p>  ]]></comment>
          <editing>useHTML</editing>
          <numberOfAttempts>1</numberOfAttempts>
          <numberOfAttemptsLeft>1</numberOfAttemptsLeft>
          <numberOfTryAnother>0</numberOfTryAnother>
          <numberOfTryAnotherLeft>0</numberOfTryAnotherLeft>
          <allowRepublish>false</allowRepublish>
          <attributeAuthor>false</attributeAuthor>
          <difficulty>0.0</difficulty>
          <text><![CDATA[    ]]></text>
          <display permute="true">menu</display>
          <width>0.0</width>
          <grader>relaxed</grader>
          <answers>
            <answer><![CDATA[  Simple  ]]></answer>
            <answer><![CDATA[  Basic  ]]></answer>
            <answer><![CDATA[  Ground  ]]></answer>
          </answers>
          <credits>
            <credit>1.0</credit>
            <credit>0.0</credit>
            <credit>0.0</credit>
          </credits>
        </part>

        <part>
          <mode>List</mode>
          <name><![CDATA[  responseNaN  ]]></name>
          <comment><![CDATA[  <p>&nbsp;</p>

<p>&nbsp; &nbsp;- Complex is better than complicated.<br />
&nbsp;</p>  ]]></comment>
          <editing>useHTML</editing>
          <numberOfAttempts>1</numberOfAttempts>
          <numberOfAttemptsLeft>1</numberOfAttemptsLeft>
          <numberOfTryAnother>0</numberOfTryAnother>
          <numberOfTryAnotherLeft>0</numberOfTryAnotherLeft>
          <allowRepublish>false</allowRepublish>
          <attributeAuthor>false</attributeAuthor>
          <difficulty>0.0</difficulty>
          <text><![CDATA[    ]]></text>
          <display>text</display>
          <width>0.0</width>
          <grader>exact</grader>
          <answers>
            <answer><![CDATA[  Complex  ]]></answer>
          </answers>
          <credits>
            <credit>1.0</credit>
          </credits>
        </part>

        <part>
          <mode>List</mode>
          <name><![CDATA[  responseNaN  ]]></name>
          <comment><![CDATA[  <p>&nbsp;</p>

<p>&nbsp; &nbsp;-&nbsp;Flat is better than nested.</p>  ]]></comment>
          <editing>useHTML</editing>
          <numberOfAttempts>1</numberOfAttempts>
          <numberOfAttemptsLeft>1</numberOfAttemptsLeft>
          <numberOfTryAnother>0</numberOfTryAnother>
          <numberOfTryAnotherLeft>0</numberOfTryAnotherLeft>
          <allowRepublish>false</allowRepublish>
          <attributeAuthor>false</attributeAuthor>
          <difficulty>0.0</difficulty>
          <text><![CDATA[    ]]></text>
          <display permute="true">menu</display>
          <width>0.0</width>
          <grader>relaxed</grader>
          <answers>
            <answer><![CDATA[  Flat  ]]></answer>
            <answer><![CDATA[  Quadratic  ]]></answer>
            <answer><![CDATA[  Linear  ]]></answer>
          </answers>
          <credits>
            <credit>1.0</credit>
            <credit>0.0</credit>
            <credit>0.0</credit>
          </credits>
        </part>

        <part>
          <mode>List</mode>
          <name><![CDATA[  responseNaN  ]]></name>
          <comment><![CDATA[  <p>&nbsp;</p>

<p>&nbsp; &nbsp;-&nbsp;Now is better than never.</p>  ]]></comment>
          <editing>useHTML</editing>
          <numberOfAttempts>1</numberOfAttempts>
          <numberOfAttemptsLeft>1</numberOfAttemptsLeft>
          <numberOfTryAnother>0</numberOfTryAnother>
          <numberOfTryAnotherLeft>0</numberOfTryAnotherLeft>
          <allowRepublish>false</allowRepublish>
          <attributeAuthor>false</attributeAuthor>
          <difficulty>0.0</difficulty>
          <text><![CDATA[    ]]></text>
          <display>text</display>
          <width>0.0</width>
          <grader>relaxed</grader>
          <answers>
            <answer><![CDATA[  Now  ]]></answer>
          </answers>
          <credits>
            <credit>1.0</credit>
          </credits>
        </part>

        <part>
          <mode>List</mode>
          <name><![CDATA[  responseNaN  ]]></name>
          <comment><![CDATA[  <p>&nbsp;</p>

<p>&nbsp; &nbsp;- Sparse is better than dense.</p>  ]]></comment>
          <editing>useHTML</editing>
          <numberOfAttempts>1</numberOfAttempts>
          <numberOfAttemptsLeft>1</numberOfAttemptsLeft>
          <numberOfTryAnother>0</numberOfTryAnother>
          <numberOfTryAnotherLeft>0</numberOfTryAnotherLeft>
          <allowRepublish>false</allowRepublish>
          <attributeAuthor>false</attributeAuthor>
          <difficulty>0.0</difficulty>
          <text><![CDATA[    ]]></text>
          <display permute="false">menu</display>
          <width>0.0</width>
          <grader>relaxed</grader>
          <answers>
            <answer><![CDATA[  Sparse  ]]></answer>
            <answer><![CDATA[  Compact  ]]></answer>
            <answer><![CDATA[  Distributed  ]]></answer>
          </answers>
          <credits>
            <credit>1.0</credit>
            <credit>0.0</credit>
            <credit>0.0</credit>
          </credits>
        </part>

        <part>
          <mode>List</mode>
          <name><![CDATA[  responseNaN  ]]></name>
          <comment><![CDATA[  <p>&nbsp;</p>

<p>&nbsp; &nbsp;- Although never is often better than right now.</p>  ]]></comment>
          <editing>useHTML</editing>
          <numberOfAttempts>1</numberOfAttempts>
          <numberOfAttemptsLeft>1</numberOfAttemptsLeft>
          <numberOfTryAnother>0</numberOfTryAnother>
          <numberOfTryAnotherLeft>0</numberOfTryAnotherLeft>
          <allowRepublish>false</allowRepublish>
          <attributeAuthor>false</attributeAuthor>
          <difficulty>0.0</difficulty>
          <text><![CDATA[    ]]></text>
          <display>text</display>
          <width>0.0</width>
          <grader>relaxed</grader>
          <answers>
            <answer><![CDATA[  Never  ]]></answer>
          </answers>
          <credits>
            <credit>1.0</credit>
          </credits>
        </part>
      </parts>
    </question>
  </questions>

  <authors>

    <author uid="f0665a0c-fbe6-4a76-94f2-44bc0af7f07f" instanceUid="d686b894-131e-4a5f-80d4-508a091f9939" defaultSchool="0036431e-f8bc-47b0-91c8-2e9c94d10db0">
      <displayName><![CDATA[  Nihad Subasic  ]]></displayName>
    </author>
  </authors>

  <schools>

    <school uid="0036431e-f8bc-47b0-91c8-2e9c94d10db0">
      <name><![CDATA[  Kungliga Tekniska Högskolan  ]]></name>
    </school>
  </schools>
</courseModule>