<courseModule>

  <module>
    <name><![CDATA[  ML02SL08  ]]></name>
    <description><![CDATA[  Course Module  ]]></description>
    <uri><![CDATA[  ba8c1aa6-d8f0-49cd-87bc-f53f1ca374e0  ]]></uri>
    <privacy>0</privacy>
    <autoModule>true</autoModule>
    <exportedFrom>d686b894-131e-4a5f-80d4-508a091f9939</exportedFrom>
  </module>

  <questions>

    <question uid="ba8c1aa6-d8f0-49cd-87bc-f53f1ca374e0" modifiedBy="f0665a0c-fbe6-4a76-94f2-44bc0af7f07f" school="0036431e-f8bc-47b0-91c8-2e9c94d10db0" language="en">
      <mode>Inline</mode>
      <chainId><![CDATA[  0  ]]></chainId>
      <name><![CDATA[  ML02SL08  ]]></name>
      <editing>useHTML</editing>
      <numberOfAttempts>1</numberOfAttempts>
      <numberOfAttemptsLeft>1</numberOfAttemptsLeft>
      <numberOfTryAnother>0</numberOfTryAnother>
      <numberOfTryAnotherLeft>0</numberOfTryAnotherLeft>
      <privacy>10</privacy>
      <allowRepublish>false</allowRepublish>
      <attributeAuthor>true</attributeAuthor>
      <modifiedIn>18.2</modifiedIn>
      <difficulty>-1.0</difficulty>
      <text><![CDATA[  <p>&nbsp;</p>

<p>&nbsp;The maximum distance between the root node and any&nbsp;leaf node in a&nbsp;a decision tree has a big impact on the final predictions.&nbsp;</p>

<p>&nbsp;This distance is called&nbsp;<1><span>&nbsp;</span> of a decision tree.</p>

<p>&nbsp;NB: solution is one word with five letters.&nbsp;</p>  ]]></text>
      <width>0.0</width>
      <weighting>1</weighting>
      <numbering>alpha</numbering>

      <parts>

        <part>
          <mode>List</mode>
          <name><![CDATA[  responseNaN  ]]></name>
          <editing>useHTML</editing>
          <numberOfAttempts>1</numberOfAttempts>
          <numberOfAttemptsLeft>1</numberOfAttemptsLeft>
          <numberOfTryAnother>0</numberOfTryAnother>
          <numberOfTryAnotherLeft>0</numberOfTryAnotherLeft>
          <allowRepublish>false</allowRepublish>
          <attributeAuthor>false</attributeAuthor>
          <difficulty>0.0</difficulty>
          <text><![CDATA[    ]]></text>
          <display>text</display>
          <width>0.0</width>
          <grader>exact</grader>
          <answers>
            <answer><![CDATA[  depth  ]]></answer>
          </answers>
          <credits>
            <credit>1.0</credit>
          </credits>
        </part>
      </parts>

      <authorNotes><![CDATA[  <p>&nbsp;</p>

<p>&nbsp;This question is based on the text:&nbsp;</p>

<p>&quot;The depth of a decision tree (the maximum distance between the root node and any leaf node) has a big impact on the final predictions.&quot;&nbsp;</p>

<p>page 35 from book:</p>

<p>MACHINE LEARNING<br />
A First Course for Engineers and Scientists<br />
Andreas Lindholm, Niklas Wahlstr&ouml;m,<br />
Fredrik Lindsten, Thomas B. Sch&ouml;n<br />
This version: July 8, 2022</p>  ]]></authorNotes>

    </question>

  </questions>

  <authors>

    <author uid="f0665a0c-fbe6-4a76-94f2-44bc0af7f07f" instanceUid="d686b894-131e-4a5f-80d4-508a091f9939" defaultSchool="0036431e-f8bc-47b0-91c8-2e9c94d10db0">
      <displayName><![CDATA[  Nihad Subasic  ]]></displayName>
    </author>
  </authors>

  <schools>

    <school uid="0036431e-f8bc-47b0-91c8-2e9c94d10db0">
      <name><![CDATA[  Kungliga Tekniska Högskolan  ]]></name>
    </school>
  </schools>
</courseModule>