<courseModule>

  <module>
    <name><![CDATA[  ML02SL03  ]]></name>
    <description><![CDATA[  Course Module  ]]></description>
    <uri><![CDATA[  629f0ec5-78c8-4f63-aaf7-eaaefd0ff76d  ]]></uri>
    <privacy>0</privacy>
    <autoModule>true</autoModule>
    <exportedFrom>d686b894-131e-4a5f-80d4-508a091f9939</exportedFrom>
  </module>

  <questions>

    <question uid="629f0ec5-78c8-4f63-aaf7-eaaefd0ff76d" modifiedBy="f0665a0c-fbe6-4a76-94f2-44bc0af7f07f" school="0036431e-f8bc-47b0-91c8-2e9c94d10db0" language="en">
      <mode>Inline</mode>
      <chainId><![CDATA[  0  ]]></chainId>
      <name><![CDATA[  ML02SL03  ]]></name>
      <comment><![CDATA[  <p>&nbsp;The variables contained in our data (input as well as output) can be of two different&nbsp;types: numerical or categorical.</p>  ]]></comment>
      <editing>useHTML</editing>
      <numberOfAttempts>1</numberOfAttempts>
      <numberOfAttemptsLeft>1</numberOfAttemptsLeft>
      <numberOfTryAnother>0</numberOfTryAnother>
      <numberOfTryAnotherLeft>0</numberOfTryAnotherLeft>
      <privacy>10</privacy>
      <allowRepublish>false</allowRepublish>
      <attributeAuthor>true</attributeAuthor>
      <modifiedIn>18.2</modifiedIn>
      <difficulty>-1.0</difficulty>
      <text><![CDATA[  <p>&nbsp;</p>

<p>&nbsp;The variables contained in our data (input as well as output) can be of two different types:&nbsp;</p>

<1>

<p>&nbsp;</p>  ]]></text>
      <width>0.0</width>
      <weighting>1</weighting>
      <numbering>alpha</numbering>

      <parts>

        <part>
          <mode>Multiple Selection</mode>
          <name><![CDATA[  responseNaN  ]]></name>
          <editing>useHTML</editing>
          <numberOfAttempts>1</numberOfAttempts>
          <numberOfAttemptsLeft>1</numberOfAttemptsLeft>
          <numberOfTryAnother>0</numberOfTryAnother>
          <numberOfTryAnotherLeft>0</numberOfTryAnotherLeft>
          <allowRepublish>false</allowRepublish>
          <attributeAuthor>false</attributeAuthor>
          <difficulty>0.0</difficulty>
          <text><![CDATA[    ]]></text>
          <answer><![CDATA[  1,2  ]]></answer>
          <display>vertical</display>
          <fixed><![CDATA[    ]]></fixed>
          <choices>
            <choice><![CDATA[  <p>&nbsp;-&nbsp;numerical</p>  ]]></choice>
            <choice><![CDATA[  <p>&nbsp;-&nbsp;categorical</p>  ]]></choice>
            <choice><![CDATA[  <p>&nbsp;- visual</p>  ]]></choice>
            <choice><![CDATA[  <p>&nbsp;- multimedial</p>  ]]></choice>
          </choices>
          <width>0.0</width>
        </part>
      </parts>

      <authorNotes><![CDATA[  <p>&nbsp;</p>

<p>&nbsp;This question is based on the text:&nbsp;</p>

<p>&nbsp;&quot;The variables contained in our data (input as well as output) can be of two different types: numerical or categorical.&quot; (page 14)</p>

<p>&nbsp;</p>

<p>MACHINE LEARNING</p>

<p>A First Course for Engineers and Scientists<br />
Andreas Lindholm, Niklas Wahlstr&ouml;m,<br />
Fredrik Lindsten, Thomas B. Sch&ouml;n<br />
This version: July 8, 2022</p>  ]]></authorNotes>

    </question>

  </questions>

  <authors>

    <author uid="f0665a0c-fbe6-4a76-94f2-44bc0af7f07f" instanceUid="d686b894-131e-4a5f-80d4-508a091f9939" defaultSchool="0036431e-f8bc-47b0-91c8-2e9c94d10db0">
      <displayName><![CDATA[  Nihad Subasic  ]]></displayName>
    </author>
  </authors>

  <schools>

    <school uid="0036431e-f8bc-47b0-91c8-2e9c94d10db0">
      <name><![CDATA[  Kungliga Tekniska Högskolan  ]]></name>
    </school>
  </schools>
</courseModule>